trial,cell_idx,row,col,cell_x_min,cell_y_min,cell_x_max,cell_y_max,cell_cx,cell_cy,pred_x,pred_y,err_pt,err_deg,hit,gaze_cam_x,gaze_cam_y,gaze_cam_z,head_yaw_deg,head_pitch_deg,head_roll_deg,head_tx_mm,head_ty_mm,head_tz_mm,n_samples
1,67,7,4,178.67,605.11,223.33,691.56,201.00,648.33,207.76,100.30,548.08,23.995,0,0.053120,0.257810,-0.964734,179.085,8.682,179.853,-18.30,20.71,147.29,21
2,17,1,8,357.33,86.44,402.00,172.89,379.67,129.67,302.05,38.05,120.07,5.570,0,0.100388,0.225533,-0.969050,-180.967,7.816,179.849,-18.37,20.86,147.52,20
3,52,5,7,312.67,432.22,357.33,518.67,335.00,475.44,381.57,137.77,340.87,15.474,0,0.173718,0.254562,-0.951325,178.838,8.196,-180.152,-18.04,20.58,147.73,20
4,26,2,8,357.33,172.89,402.00,259.33,379.67,216.11,342.43,-10.60,229.75,10.569,0,0.155738,0.172239,-0.972666,179.114,7.808,179.884,-18.29,20.75,147.95,20
5,31,3,4,178.67,259.33,223.33,345.78,201.00,302.56,55.73,-7.30,342.22,15.532,0,-0.070802,0.171045,-0.982716,178.996,7.970,179.814,-18.52,20.75,147.46,18
6,28,3,1,44.67,259.33,89.33,345.78,67.00,302.56,90.74,183.00,121.89,5.653,0,-0.041282,0.301165,-0.952678,178.921,8.512,179.775,-18.17,21.00,147.31,21
7,38,4,2,89.33,345.78,134.00,432.22,111.67,389.00,37.52,312.69,106.40,4.939,0,-0.081762,0.386382,-0.918708,-181.251,8.236,179.783,-18.00,20.76,147.50,18
8,20,2,2,89.33,172.89,134.00,259.33,111.67,216.11,68.39,247.83,53.66,2.495,0,-0.061875,0.321553,-0.944868,178.901,7.957,179.758,-18.32,20.74,148.06,21
9,56,6,2,89.33,518.67,134.00,605.11,111.67,561.89,63.73,413.83,155.63,7.203,0,-0.068289,0.454610,-0.888069,179.063,8.817,179.790,-18.33,20.53,148.05,18
10,57,6,3,134.00,518.67,178.67,605.11,156.33,561.89,22.94,304.51,289.89,13.248,0,-0.090962,0.358134,-0.929228,178.748,8.581,179.795,-18.75,20.73,147.20,18
11,41,4,5,223.33,345.78,268.00,432.22,245.67,389.00,313.08,-15.28,409.86,18.411,0,0.112168,0.180281,-0.977199,178.808,8.034,179.865,-18.45,20.94,147.48,20
12,62,6,8,357.33,518.67,402.00,605.11,379.67,561.89,419.87,663.69,109.45,5.080,0,0.199400,0.562242,-0.802573,-180.963,8.706,179.800,-18.19,20.87,147.82,20
13,24,2,6,268.00,172.89,312.67,259.33,290.33,216.11,302.96,90.91,125.84,5.835,0,0.115155,0.247820,-0.961938,179.079,7.683,179.800,-18.53,20.75,147.72,20
14,11,1,2,89.33,86.44,134.00,172.89,111.67,129.67,216.90,-17.84,181.20,8.371,0,0.048701,0.169701,-0.984292,178.721,7.657,179.851,-18.52,20.41,147.59,20
15,12,1,3,134.00,86.44,178.67,172.89,156.33,129.67,86.25,195.31,96.02,4.459,0,-0.053766,0.314614,-0.947696,179.150,7.466,-180.174,-18.38,20.27,148.02,21
16,60,6,6,268.00,518.67,312.67,605.11,290.33,561.89,241.94,613.10,70.46,3.275,0,0.062208,0.549705,-0.833039,179.235,8.455,179.851,-18.51,20.55,147.46,20
17,70,7,7,312.67,605.11,357.33,691.56,335.00,648.33,253.75,764.26,141.56,6.559,0,0.074286,0.647227,-0.758669,179.029,8.373,179.812,-18.39,20.45,147.40,21
18,2,0,2,89.33,0.00,134.00,86.44,111.67,43.22,91.94,-12.58,59.19,2.752,0,-0.028310,0.201155,-0.979150,179.012,7.492,179.899,-18.06,20.42,147.65,20
19,73,8,1,44.67,691.56,89.33,778.00,67.00,734.78,-11.26,142.44,597.49,25.885,0,-0.121079,0.264669,-0.956708,178.925,8.680,179.819,-18.12,20.84,147.57,20
20,39,4,3,134.00,345.78,178.67,432.22,156.33,389.00,233.37,245.56,162.82,7.533,0,0.069600,0.331057,-0.941040,-181.127,8.339,-180.141,-18.13,20.67,146.51,20
21,22,2,4,178.67,172.89,223.33,259.33,201.00,216.11,142.54,247.46,66.33,3.084,0,-0.001622,0.336737,-0.941597,178.731,7.856,179.762,-18.68,20.67,147.39,19
22,10,1,1,44.67,86.44,89.33,172.89,67.00,129.67,108.77,-3.75,139.80,6.478,0,-0.015277,0.174342,-0.984567,178.852,7.579,179.834,-18.36,20.62,147.58,20
23,23,2,5,223.33,172.89,268.00,259.33,245.67,216.11,320.11,24.91,205.18,9.461,0,0.143901,0.211553,-0.966715,178.825,7.684,179.780,-18.16,20.54,147.40,20
24,76,8,4,178.67,691.56,223.33,778.00,201.00,734.78,201.94,781.74,46.97,2.185,0,0.042778,0.688738,-0.723747,-180.979,8.751,-180.179,-18.30,20.81,147.41,20
25,1,0,1,44.67,0.00,89.33,86.44,67.00,43.22,9.93,-18.00,83.70,3.889,0,-0.106481,0.176102,-0.978596,179.102,7.457,179.835,-18.40,20.86,147.83,20
26,16,1,7,312.67,86.44,357.33,172.89,335.00,129.67,239.54,14.90,149.28,6.913,0,0.063098,0.190606,-0.979637,-180.896,7.511,179.788,-18.24,20.61,147.48,19
27,45,5,0,0.00,432.22,44.67,518.67,22.33,475.44,74.61,401.00,90.97,4.225,0,-0.049393,0.459960,-0.886565,178.842,8.138,-180.145,-18.33,20.26,147.69,19
28,13,1,4,178.67,86.44,223.33,172.89,201.00,129.67,29.64,172.03,176.52,8.158,0,-0.086426,0.283307,-0.955127,178.845,7.462,179.815,-18.54,20.59,147.28,20
29,77,8,5,223.33,691.56,268.00,778.00,245.67,734.78,190.55,711.08,60.00,2.790,0,0.031496,0.617884,-0.785638,179.089,9.009,179.800,-18.32,20.66,147.53,20
30,58,6,4,178.67,518.67,223.33,605.11,201.00,561.89,257.13,593.00,64.18,2.984,0,0.078809,0.556299,-0.827237,178.786,8.766,-180.172,-18.64,20.70,147.71,21
31,3,0,3,134.00,0.00,178.67,86.44,156.33,43.22,104.87,-18.00,79.98,3.716,0,-0.020253,0.173545,-0.984618,178.945,7.644,179.848,-18.56,20.78,147.99,20
32,63,7,0,0.00,605.11,44.67,691.56,22.33,648.33,12.46,736.93,89.15,4.141,0,-0.102988,0.622048,-0.776176,178.770,8.353,-180.158,-18.23,20.71,146.80,20
33,80,8,8,357.33,691.56,402.00,778.00,379.67,734.78,419.90,505.89,232.40,10.688,0,0.189859,0.506206,-0.841255,-180.766,8.614,179.889,-18.24,20.48,147.36,19
34,53,5,8,357.33,432.22,402.00,518.67,379.67,475.44,206.76,141.99,375.62,16.965,0,0.042645,0.284409,-0.957754,178.864,8.409,179.825,-18.40,20.94,147.11,21
35,27,3,0,0.00,259.33,44.67,345.78,22.33,302.56,-18.00,416.49,120.86,5.606,0,-0.112141,0.409162,-0.905545,178.817,8.019,179.840,-18.37,21.34,147.60,19
36,25,2,7,312.67,172.89,357.33,259.33,335.00,216.11,416.46,13.13,218.72,10.072,0,0.201112,0.202598,-0.958388,178.828,7.756,179.856,-18.32,20.94,147.56,21
37,6,0,6,268.00,0.00,312.67,86.44,290.33,43.22,307.77,-18.00,63.66,2.959,0,0.119280,0.176351,-0.977073,-181.009,7.541,179.750,-18.02,20.87,147.72,21
38,71,7,8,357.33,605.11,402.00,691.56,379.67,648.33,267.81,614.06,116.99,5.428,0,0.100559,0.545000,-0.832384,178.857,8.498,179.851,-18.70,20.58,147.09,19
39,61,6,7,312.67,518.67,357.33,605.11,335.00,561.89,350.21,383.63,178.91,8.267,0,0.159855,0.406354,-0.899624,178.909,8.225,-180.175,-18.54,20.90,147.74,20
40,33,3,6,268.00,259.33,312.67,345.78,290.33,302.56,231.54,186.06,130.49,6.049,0,0.049121,0.289935,-0.955785,178.644,7.743,-180.232,-18.12,20.55,146.62,19
41,68,7,5,223.33,605.11,268.00,691.56,245.67,648.33,260.75,473.94,175.04,8.091,0,0.100481,0.460569,-0.881918,178.847,8.498,179.820,-18.47,20.97,148.06,21
42,34,3,7,312.67,259.33,357.33,345.78,335.00,302.56,339.98,180.93,121.73,5.646,0,0.132904,0.282409,-0.950043,178.787,7.897,179.829,-18.61,20.89,147.31,19
43,40,4,4,178.67,345.78,223.33,432.22,201.00,389.00,171.31,378.84,31.38,1.460,0,0.018142,0.438869,-0.898368,179.001,7.740,179.824,-18.26,20.69,148.24,20
44,55,6,1,44.67,518.67,89.33,605.11,67.00,561.89,110.40,543.40,47.17,2.194,0,-0.017522,0.524390,-0.851298,178.800,8.371,179.783,-18.40,20.74,146.93,20
45,4,0,4,178.67,0.00,223.33,86.44,201.00,43.22,87.90,170.81,170.50,7.884,0,-0.038406,0.290634,-0.956063,179.011,7.638,179.835,-18.38,20.71,148.25,20
46,30,3,3,134.00,259.33,178.67,345.78,156.33,302.56,181.73,140.84,163.70,7.573,0,0.019611,0.265594,-0.963885,179.122,8.075,179.807,-18.30,20.44,147.76,20
47,8,0,8,357.33,0.00,402.00,86.44,379.67,43.22,321.31,133.83,107.77,5.002,0,0.117279,0.294212,-0.948517,178.732,7.884,179.835,-18.31,20.45,147.10,18
48,42,4,6,268.00,345.78,312.67,432.22,290.33,389.00,289.93,136.07,252.93,11.608,0,0.097643,0.282958,-0.954149,178.944,8.337,179.793,-18.34,20.23,148.05,18
49,47,5,2,89.33,432.22,134.00,518.67,111.67,475.44,40.47,503.16,76.40,3.551,0,-0.060262,0.489443,-0.869951,179.026,8.316,179.849,-18.47,20.46,147.48,20
50,5,0,5,223.33,0.00,268.00,86.44,245.67,43.22,272.41,186.00,145.26,6.728,0,0.091313,0.306685,-0.947421,178.710,7.433,179.875,-18.30,20.76,147.46,20
51,44,4,8,357.33,345.78,402.00,432.22,379.67,389.00,420.00,309.96,88.74,4.122,0,0.191416,0.403604,-0.894687,178.667,8.158,179.824,-18.20,20.56,147.21,20
52,79,8,7,312.67,691.56,357.33,778.00,335.00,734.78,306.53,435.97,300.16,13.700,0,0.111361,0.454731,-0.883639,178.755,8.632,179.833,-18.41,20.66,148.00,19
53,48,5,3,134.00,432.22,178.67,518.67,156.33,475.44,29.77,213.17,291.21,13.306,0,-0.074356,0.329120,-0.941356,178.934,8.299,179.817,-18.51,21.22,147.40,20
54,59,6,5,223.33,518.67,268.00,605.11,245.67,561.89,171.49,488.28,104.50,4.851,0,0.014832,0.464520,-0.885438,178.969,8.438,-180.220,-18.51,20.54,147.36,20
55,9,1,0,0.00,86.44,44.67,172.89,22.33,129.67,-17.96,-5.78,141.31,6.547,0,-0.108298,0.180312,-0.977629,178.948,7.630,-180.212,-18.30,20.46,147.39,20
56,65,7,2,89.33,605.11,134.00,691.56,111.67,648.33,149.93,485.37,167.40,7.742,0,0.006871,0.475726,-0.879567,178.860,8.556,179.815,-18.16,20.67,147.84,18
57,46,5,1,44.67,432.22,89.33,518.67,67.00,475.44,-17.53,557.19,117.59,5.455,0,-0.125984,0.518427,-0.845790,178.924,8.461,179.819,-18.38,20.85,147.27,20
58,18,2,0,0.00,172.89,44.67,259.33,22.33,216.11,-17.84,211.91,40.39,1.879,0,-0.123161,0.310907,-0.942427,178.750,7.945,179.729,-18.63,20.63,147.36,18
59,66,7,3,134.00,605.11,178.67,691.56,156.33,648.33,142.63,701.84,55.23,2.568,0,0.001312,0.610369,-0.792116,179.088,8.453,179.872,-18.32,20.91,147.46,20
60,32,3,5,223.33,259.33,268.00,345.78,245.67,302.56,172.03,32.90,279.53,12.790,0,0.024632,0.213551,-0.976621,179.051,7.839,179.878,-18.33,20.69,147.31,21
61,7,0,7,312.67,0.00,357.33,86.44,335.00,43.22,419.16,-17.97,104.05,4.830,0,0.207523,0.170126,-0.963323,178.855,7.642,179.785,-18.47,20.59,147.97,20
62,14,1,5,223.33,86.44,268.00,172.89,245.67,129.67,202.08,-18.00,153.97,7.127,0,0.050211,0.189659,-0.980565,178.843,7.425,179.799,-18.52,20.97,147.96,20
63,29,3,2,89.33,259.33,134.00,345.78,111.67,302.56,7.63,37.12,285.10,13.036,0,-0.096883,0.210215,-0.972843,178.886,8.122,179.795,-18.13,20.83,146.99,18
64,51,5,6,268.00,432.22,312.67,518.67,290.33,475.44,327.99,443.93,49.10,2.284,0,0.132514,0.458622,-0.878695,178.923,8.219,-180.207,-18.54,21.35,147.50,21
65,36,4,0,0.00,345.78,44.67,432.22,22.33,389.00,-18.00,456.46,78.60,3.652,0,-0.131419,0.478210,-0.868357,178.787,8.312,-180.186,-18.51,20.81,147.37,21
66,15,1,6,268.00,86.44,312.67,172.89,290.33,129.67,215.74,-18.00,165.44,7.652,0,0.059198,0.212542,-0.975357,178.857,7.678,-180.200,-18.32,20.89,147.40,20
67,64,7,1,44.67,605.11,89.33,691.56,67.00,648.33,49.36,388.87,260.06,11.926,0,-0.073136,0.440297,-0.894868,178.903,8.734,179.840,-18.47,20.93,147.79,20
68,21,2,3,134.00,172.89,178.67,259.33,156.33,216.11,240.10,237.76,86.52,4.019,0,0.073290,0.323428,-0.943410,179.123,7.811,179.827,-18.75,20.75,147.73,20
69,0,0,0,0.00,0.00,44.67,86.44,22.33,43.22,-18.00,182.83,145.32,6.731,0,-0.109066,0.284748,-0.952378,178.867,7.702,179.916,-18.50,20.94,147.46,18
70,49,5,4,178.67,432.22,223.33,518.67,201.00,475.44,231.79,433.56,51.98,2.418,0,0.064383,0.455062,-0.888129,178.664,8.087,-180.118,-18.74,20.63,147.41,19
71,54,6,0,0.00,518.67,44.67,605.11,22.33,561.89,12.68,396.05,166.12,7.684,0,-0.082203,0.435744,-0.896309,178.898,8.623,179.825,-18.76,20.30,147.77,20
72,74,8,2,89.33,691.56,134.00,778.00,111.67,734.78,138.52,795.97,66.83,3.106,0,0.009608,0.689385,-0.724331,-181.115,8.673,179.820,-18.15,20.80,147.05,20
73,69,7,6,268.00,605.11,312.67,691.56,290.33,648.33,280.36,341.10,307.40,14.017,0,0.098182,0.401530,-0.910568,178.797,8.698,-180.108,-18.03,20.72,147.12,21
74,78,8,6,268.00,691.56,312.67,778.00,290.33,734.78,298.36,615.12,119.93,5.563,0,0.111031,0.563974,-0.818294,178.974,8.611,179.813,-18.37,20.87,147.79,20
75,43,4,7,312.67,345.78,357.33,432.22,335.00,389.00,269.78,265.32,139.82,6.479,0,0.081741,0.340044,-0.936850,178.640,8.165,179.754,-18.29,20.76,147.63,20
76,75,8,3,134.00,691.56,178.67,778.00,156.33,734.78,203.39,604.88,138.16,6.402,0,0.050589,0.533907,-0.844028,178.745,8.627,179.751,-18.05,20.30,147.94,19
77,37,4,1,44.67,345.78,89.33,432.22,67.00,389.00,119.33,502.97,125.41,5.816,0,-0.024791,0.507186,-0.861480,178.835,8.308,179.829,-18.17,20.53,147.09,20
78,35,3,8,357.33,259.33,402.00,345.78,379.67,302.56,290.79,-13.97,328.77,14.950,0,0.098219,0.198251,-0.975218,179.223,8.031,179.820,-18.07,20.77,147.93,19
79,72,8,0,0.00,691.56,44.67,778.00,22.33,734.78,-18.00,796.00,73.31,3.407,0,-0.112489,0.655635,-0.746652,179.068,8.774,179.792,-18.46,20.46,147.61,20
80,50,5,5,223.33,432.22,268.00,518.67,245.67,475.44,261.50,657.93,183.17,8.461,0,0.075387,0.593525,-0.801277,179.003,8.482,179.812,-18.26,20.58,147.05,20
81,19,2,1,44.67,172.89,89.33,259.33,67.00,216.11,-17.97,166.72,98.28,4.564,0,-0.117797,0.298797,-0.947019,178.961,7.792,179.818,-18.73,20.85,147.55,20

# Per-cell accuracy
cell_idx,row,col,attempts,hits,accuracy_pct,mean_err_pt,mean_err_deg
0,0,0,1,0,0.00,145.32,6.731
1,0,1,1,0,0.00,83.70,3.889
2,0,2,1,0,0.00,59.19,2.752
3,0,3,1,0,0.00,79.98,3.716
4,0,4,1,0,0.00,170.50,7.884
5,0,5,1,0,0.00,145.26,6.728
6,0,6,1,0,0.00,63.66,2.959
7,0,7,1,0,0.00,104.05,4.830
8,0,8,1,0,0.00,107.77,5.002
9,1,0,1,0,0.00,141.31,6.547
10,1,1,1,0,0.00,139.80,6.478
11,1,2,1,0,0.00,181.20,8.371
12,1,3,1,0,0.00,96.02,4.459
13,1,4,1,0,0.00,176.52,8.158
14,1,5,1,0,0.00,153.97,7.127
15,1,6,1,0,0.00,165.44,7.652
16,1,7,1,0,0.00,149.28,6.913
17,1,8,1,0,0.00,120.07,5.570
18,2,0,1,0,0.00,40.39,1.879
19,2,1,1,0,0.00,98.28,4.564
20,2,2,1,0,0.00,53.66,2.495
21,2,3,1,0,0.00,86.52,4.019
22,2,4,1,0,0.00,66.33,3.084
23,2,5,1,0,0.00,205.18,9.461
24,2,6,1,0,0.00,125.84,5.835
25,2,7,1,0,0.00,218.72,10.072
26,2,8,1,0,0.00,229.75,10.569
27,3,0,1,0,0.00,120.86,5.606
28,3,1,1,0,0.00,121.89,5.653
29,3,2,1,0,0.00,285.10,13.036
30,3,3,1,0,0.00,163.70,7.573
31,3,4,1,0,0.00,342.22,15.532
32,3,5,1,0,0.00,279.53,12.790
33,3,6,1,0,0.00,130.49,6.049
34,3,7,1,0,0.00,121.73,5.646
35,3,8,1,0,0.00,328.77,14.950
36,4,0,1,0,0.00,78.60,3.652
37,4,1,1,0,0.00,125.41,5.816
38,4,2,1,0,0.00,106.40,4.939
39,4,3,1,0,0.00,162.82,7.533
40,4,4,1,0,0.00,31.38,1.460
41,4,5,1,0,0.00,409.86,18.411
42,4,6,1,0,0.00,252.93,11.608
43,4,7,1,0,0.00,139.82,6.479
44,4,8,1,0,0.00,88.74,4.122
45,5,0,1,0,0.00,90.97,4.225
46,5,1,1,0,0.00,117.59,5.455
47,5,2,1,0,0.00,76.40,3.551
48,5,3,1,0,0.00,291.21,13.306
49,5,4,1,0,0.00,51.98,2.418
50,5,5,1,0,0.00,183.17,8.461
51,5,6,1,0,0.00,49.10,2.284
52,5,7,1,0,0.00,340.87,15.474
53,5,8,1,0,0.00,375.62,16.965
54,6,0,1,0,0.00,166.12,7.684
55,6,1,1,0,0.00,47.17,2.194
56,6,2,1,0,0.00,155.63,7.203
57,6,3,1,0,0.00,289.89,13.248
58,6,4,1,0,0.00,64.18,2.984
59,6,5,1,0,0.00,104.50,4.851
60,6,6,1,0,0.00,70.46,3.275
61,6,7,1,0,0.00,178.91,8.267
62,6,8,1,0,0.00,109.45,5.080
63,7,0,1,0,0.00,89.15,4.141
64,7,1,1,0,0.00,260.06,11.926
65,7,2,1,0,0.00,167.40,7.742
66,7,3,1,0,0.00,55.23,2.568
67,7,4,1,0,0.00,548.08,23.995
68,7,5,1,0,0.00,175.04,8.091
69,7,6,1,0,0.00,307.40,14.017
70,7,7,1,0,0.00,141.56,6.559
71,7,8,1,0,0.00,116.99,5.428
72,8,0,1,0,0.00,73.31,3.407
73,8,1,1,0,0.00,597.49,25.885
74,8,2,1,0,0.00,66.83,3.106
75,8,3,1,0,0.00,138.16,6.402
76,8,4,1,0,0.00,46.97,2.185
77,8,5,1,0,0.00,60.00,2.790
78,8,6,1,0,0.00,119.93,5.563
79,8,7,1,0,0.00,300.16,13.700
80,8,8,1,0,0.00,232.40,10.688

# Overall
rows,cols,repeats,trial_count,hits,accuracy_pct,mean_error_pt,mean_error_deg,cell_w_pt,cell_h_pt,cell_tolerance_deg,tz_points,screen_w_pt,screen_h_pt,walking
9,9,1,81,0,0.00,159.97,7.330,44.67,86.44,1.039,1231.31,402.00,778.00,0
