# SYNTHETIC DATA — generated, not collected from a participant.

=== Run 1 — 3×3 — 2026-08-27T11:14:03Z ===
trial,cell_idx,row,col,cell_x_min,cell_y_min,cell_x_max,cell_y_max,cell_cx,cell_cy,pred_x,pred_y,err_pt,err_deg,hit,gaze_cam_x,gaze_cam_y,gaze_cam_z,head_yaw_deg,head_pitch_deg,head_roll_deg,head_tx_mm,head_ty_mm,head_tz_mm,n_samples
1,2,0,2,268.00,0.00,402.00,259.33,335.00,129.67,317.34,184.89,57.98,2.601,1,0.132828,0.310445,-0.941265,179.844,4.292,179.882,-16.81,24.16,144.39,20
2,3,1,0,0.00,259.33,134.00,518.67,67.00,389.00,82.18,347.17,44.49,1.997,1,-0.042018,0.403961,-0.913811,179.833,4.287,179.852,-16.81,24.15,144.54,20
3,5,1,2,268.00,259.33,402.00,518.67,335.00,389.00,352.40,364.08,30.40,1.364,1,0.158902,0.413703,-0.896437,179.809,4.542,179.868,-16.77,24.11,145.14,20
4,1,0,1,134.00,0.00,268.00,259.33,201.00,129.67,205.50,136.60,8.27,0.371,1,0.049674,0.282620,-0.957945,179.756,5.101,179.832,-16.63,24.09,144.69,20
5,0,0,0,0.00,0.00,134.00,259.33,67.00,129.67,74.70,123.16,10.09,0.453,1,-0.047576,0.274872,-0.960303,179.827,4.748,179.814,-16.52,24.04,144.99,20
6,8,2,2,268.00,518.67,402.00,778.00,335.00,648.33,299.73,621.41,44.37,1.991,1,0.119739,0.561988,-0.818433,179.883,4.647,179.838,-16.15,24.05,144.70,20
7,6,2,0,0.00,518.67,134.00,778.00,67.00,648.33,62.90,666.86,18.97,0.852,1,-0.056354,0.588177,-0.806767,179.819,4.395,179.701,-16.31,24.04,143.19,20
8,4,1,1,134.00,259.33,268.00,518.67,201.00,389.00,222.71,388.27,21.73,0.975,1,0.062474,0.427641,-0.901787,179.979,4.485,179.740,-16.40,24.10,143.55,20
9,7,2,1,134.00,518.67,268.00,778.00,201.00,648.33,185.16,778.83,131.45,5.880,0,0.034549,0.652697,-0.756831,179.763,4.147,179.807,-16.68,24.14,143.21,20

# Per-cell accuracy
cell_idx,row,col,attempts,hits,accuracy_pct,mean_err_pt,mean_err_deg
0,0,0,1,1,100.00,10.09,0.453
1,0,1,1,1,100.00,8.27,0.371
2,0,2,1,1,100.00,57.98,2.601
3,1,0,1,1,100.00,44.49,1.997
4,1,1,1,1,100.00,21.73,0.975
5,1,2,1,1,100.00,30.40,1.364
6,2,0,1,1,100.00,18.97,0.852
7,2,1,1,0,0.00,131.45,5.880
8,2,2,1,1,100.00,44.37,1.991

# Overall
rows,cols,repeats,trial_count,hits,accuracy_pct,mean_error_pt,mean_error_deg,cell_w_pt,cell_h_pt,cell_tolerance_deg,tz_points,screen_w_pt,screen_h_pt,walking
3,3,1,9,8,88.89,40.86,1.831,134.00,259.33,3.005,1276.37,402.00,778.00,0


=== Run 2 — 3×3 — 2026-08-27T11:15:40Z ===
trial,cell_idx,row,col,cell_x_min,cell_y_min,cell_x_max,cell_y_max,cell_cx,cell_cy,pred_x,pred_y,err_pt,err_deg,hit,gaze_cam_x,gaze_cam_y,gaze_cam_z,head_yaw_deg,head_pitch_deg,head_roll_deg,head_tx_mm,head_ty_mm,head_tz_mm,n_samples
1,0,0,0,0.00,0.00,134.00,259.33,67.00,129.67,66.66,102.32,27.34,1.293,1,-0.053552,0.262868,-0.963344,-179.944,5.750,179.967,-13.67,28.37,145.12,20
2,5,1,2,268.00,259.33,402.00,518.67,335.00,389.00,339.08,327.26,61.88,2.923,1,0.148996,0.392485,-0.907610,179.949,5.419,-179.903,-14.04,28.32,146.12,20
3,1,0,1,134.00,0.00,268.00,259.33,201.00,129.67,237.89,132.55,37.00,1.749,1,0.073759,0.280283,-0.957079,179.782,5.210,-179.909,-14.05,28.31,144.80,20
4,6,2,0,0.00,518.67,134.00,778.00,67.00,648.33,76.45,646.61,9.61,0.454,1,-0.046275,0.576506,-0.815781,179.974,5.392,-179.865,-14.16,28.31,143.37,20
5,7,2,1,134.00,518.67,268.00,778.00,201.00,648.33,220.26,603.53,48.77,2.304,1,0.060648,0.551682,-0.831846,179.886,5.413,-179.795,-14.16,28.38,145.63,20
6,4,1,1,134.00,259.33,268.00,518.67,201.00,389.00,207.82,414.83,26.72,1.263,1,0.051399,0.442948,-0.895073,179.841,5.440,179.990,-14.04,28.38,144.77,20
7,8,2,2,268.00,518.67,402.00,778.00,335.00,648.33,315.03,634.70,24.19,1.143,1,0.131110,0.569643,-0.811368,179.800,6.008,-179.972,-14.33,28.24,145.36,20
8,2,0,2,268.00,0.00,402.00,259.33,335.00,129.67,342.89,143.79,16.18,0.765,1,0.151826,0.286762,-0.945895,179.851,5.744,-179.936,-14.16,28.37,144.53,20
9,3,1,0,0.00,259.33,134.00,518.67,67.00,389.00,66.86,374.83,14.17,0.670,1,-0.053406,0.419898,-0.905998,179.971,6.005,-179.897,-13.98,28.29,145.26,20

# Per-cell accuracy
cell_idx,row,col,attempts,hits,accuracy_pct,mean_err_pt,mean_err_deg
0,0,0,1,1,100.00,27.34,1.293
1,0,1,1,1,100.00,37.00,1.749
2,0,2,1,1,100.00,16.18,0.765
3,1,0,1,1,100.00,14.17,0.670
4,1,1,1,1,100.00,26.72,1.263
5,1,2,1,1,100.00,61.88,2.923
6,2,0,1,1,100.00,9.61,0.454
7,2,1,1,1,100.00,48.77,2.304
8,2,2,1,1,100.00,24.19,1.143

# Overall
rows,cols,repeats,trial_count,hits,accuracy_pct,mean_error_pt,mean_error_deg,cell_w_pt,cell_h_pt,cell_tolerance_deg,tz_points,screen_w_pt,screen_h_pt,walking
3,3,1,9,9,100.00,29.54,1.396,134.00,259.33,3.164,1211.91,402.00,778.00,0


=== Run 3 — 3×3 — 2026-08-27T11:17:22Z ===
trial,cell_idx,row,col,cell_x_min,cell_y_min,cell_x_max,cell_y_max,cell_cx,cell_cy,pred_x,pred_y,err_pt,err_deg,hit,gaze_cam_x,gaze_cam_y,gaze_cam_z,head_yaw_deg,head_pitch_deg,head_roll_deg,head_tx_mm,head_ty_mm,head_tz_mm,n_samples
1,8,2,2,268.00,518.67,402.00,778.00,335.00,648.33,328.16,587.03,61.68,2.868,1,0.140879,0.542175,-0.828371,179.718,4.344,179.443,-13.50,25.90,145.77,20
2,7,2,1,134.00,518.67,268.00,778.00,201.00,648.33,230.76,581.00,73.62,3.422,1,0.068457,0.538702,-0.839711,179.570,4.438,179.314,-13.42,25.87,147.02,20
3,1,0,1,134.00,0.00,268.00,259.33,201.00,129.67,213.82,106.52,26.46,1.231,1,0.055865,0.265285,-0.962550,179.614,4.146,179.406,-13.16,25.77,146.14,20
4,0,0,0,0.00,0.00,134.00,259.33,67.00,129.67,158.89,157.21,95.93,4.456,0,0.015022,0.294493,-0.955536,179.701,3.842,179.337,-13.02,25.92,143.78,20
5,3,1,0,0.00,259.33,134.00,518.67,67.00,389.00,83.11,380.02,18.44,0.858,1,-0.041328,0.422887,-0.905239,179.734,4.344,179.262,-13.27,25.88,143.10,20
6,6,2,0,0.00,518.67,134.00,778.00,67.00,648.33,76.41,670.15,23.76,1.106,1,-0.046306,0.590074,-0.806020,179.855,4.140,179.377,-13.54,25.85,143.47,20
7,4,1,1,134.00,259.33,268.00,518.67,201.00,389.00,198.15,336.94,52.14,2.425,1,0.044210,0.398065,-0.916291,179.717,4.439,179.436,-13.55,25.89,143.61,20
8,2,0,2,268.00,0.00,402.00,259.33,335.00,129.67,352.64,280.44,151.80,7.029,0,0.159079,0.365505,-0.917115,179.758,4.875,179.376,-13.50,25.77,144.22,20
9,5,1,2,268.00,259.33,402.00,518.67,335.00,389.00,343.04,367.60,22.86,1.064,1,0.151941,0.415729,-0.896707,179.744,4.466,179.317,-13.35,25.80,145.34,20

# Per-cell accuracy
cell_idx,row,col,attempts,hits,accuracy_pct,mean_err_pt,mean_err_deg
0,0,0,1,0,0.00,95.93,4.456
1,0,1,1,1,100.00,26.46,1.231
2,0,2,1,0,0.00,151.80,7.029
3,1,0,1,1,100.00,18.44,0.858
4,1,1,1,1,100.00,52.14,2.425
5,1,2,1,1,100.00,22.86,1.064
6,2,0,1,1,100.00,23.76,1.106
7,2,1,1,1,100.00,73.62,3.422
8,2,2,1,1,100.00,61.68,2.868

# Overall
rows,cols,repeats,trial_count,hits,accuracy_pct,mean_error_pt,mean_error_deg,cell_w_pt,cell_h_pt,cell_tolerance_deg,tz_points,screen_w_pt,screen_h_pt,walking
3,3,1,9,7,77.78,58.52,2.718,134.00,259.33,3.115,1231.11,402.00,778.00,0


=== Run 4 — 3×3 — 2026-08-27T11:18:51Z ===
trial,cell_idx,row,col,cell_x_min,cell_y_min,cell_x_max,cell_y_max,cell_cx,cell_cy,pred_x,pred_y,err_pt,err_deg,hit,gaze_cam_x,gaze_cam_y,gaze_cam_z,head_yaw_deg,head_pitch_deg,head_roll_deg,head_tx_mm,head_ty_mm,head_tz_mm,n_samples
1,7,2,1,134.00,518.67,268.00,778.00,201.00,648.33,189.46,503.88,144.92,6.487,0,0.037745,0.494259,-0.868495,179.168,7.226,179.727,-12.32,25.18,146.58,20
2,4,1,1,134.00,259.33,268.00,518.67,201.00,389.00,204.25,392.88,5.06,0.227,1,0.048744,0.430298,-0.901370,179.151,6.734,179.577,-12.40,25.27,148.49,20
3,2,0,2,268.00,0.00,402.00,259.33,335.00,129.67,354.83,83.99,49.80,2.238,1,0.160702,0.252301,-0.954211,179.300,7.036,179.690,-12.24,25.28,148.16,20
4,3,1,0,0.00,259.33,134.00,518.67,67.00,389.00,74.98,421.79,33.75,1.517,1,-0.047368,0.446960,-0.893299,179.111,7.041,179.591,-12.12,25.06,148.20,20
5,1,0,1,134.00,0.00,268.00,259.33,201.00,129.67,212.37,291.40,162.13,7.250,0,0.054784,0.371819,-0.926687,179.120,6.606,179.553,-11.86,25.06,148.98,20
6,8,2,2,268.00,518.67,402.00,778.00,335.00,648.33,344.81,608.13,41.38,1.860,1,0.153253,0.554337,-0.818061,179.127,6.497,179.620,-12.02,25.20,149.12,20
7,0,0,0,0.00,0.00,134.00,259.33,67.00,129.67,74.87,128.10,8.02,0.361,1,-0.047453,0.277723,-0.959488,179.095,6.538,179.735,-12.27,25.04,147.25,20
8,6,2,0,0.00,518.67,134.00,778.00,67.00,648.33,67.66,594.95,53.38,2.399,1,-0.052814,0.546742,-0.835634,179.105,6.404,179.656,-12.26,25.09,146.17,20
9,5,1,2,268.00,259.33,402.00,518.67,335.00,389.00,335.92,416.98,28.00,1.258,1,0.146646,0.444187,-0.883851,179.197,6.800,179.687,-12.43,25.11,145.97,20

# Per-cell accuracy
cell_idx,row,col,attempts,hits,accuracy_pct,mean_err_pt,mean_err_deg
0,0,0,1,1,100.00,8.02,0.361
1,0,1,1,0,0.00,162.13,7.250
2,0,2,1,1,100.00,49.80,2.238
3,1,0,1,1,100.00,33.75,1.517
4,1,1,1,1,100.00,5.06,0.227
5,1,2,1,1,100.00,28.00,1.258
6,2,0,1,1,100.00,53.38,2.399
7,2,1,1,0,0.00,144.92,6.487
8,2,2,1,1,100.00,41.38,1.860

# Overall
rows,cols,repeats,trial_count,hits,accuracy_pct,mean_error_pt,mean_error_deg,cell_w_pt,cell_h_pt,cell_tolerance_deg,tz_points,screen_w_pt,screen_h_pt,walking
3,3,1,9,7,77.78,58.49,2.622,134.00,259.33,3.009,1274.49,402.00,778.00,0


=== Run 5 — 3×3 — 2026-08-27T11:20:16Z ===
trial,cell_idx,row,col,cell_x_min,cell_y_min,cell_x_max,cell_y_max,cell_cx,cell_cy,pred_x,pred_y,err_pt,err_deg,hit,gaze_cam_x,gaze_cam_y,gaze_cam_z,head_yaw_deg,head_pitch_deg,head_roll_deg,head_tx_mm,head_ty_mm,head_tz_mm,n_samples
1,6,2,0,0.00,518.67,134.00,778.00,67.00,648.33,73.61,641.14,9.77,0.439,1,-0.048391,0.573356,-0.817876,179.680,6.075,179.923,-12.47,24.27,146.91,20
2,2,0,2,268.00,0.00,402.00,259.33,335.00,129.67,322.73,102.52,29.79,1.338,1,0.136838,0.262979,-0.955048,179.550,6.661,179.733,-12.48,24.42,147.44,20
3,4,1,1,134.00,259.33,268.00,518.67,201.00,389.00,205.34,312.23,76.89,3.449,1,0.049557,0.383826,-0.922075,179.774,6.472,179.686,-12.21,24.35,147.64,20
4,5,1,2,268.00,259.33,402.00,518.67,335.00,389.00,321.07,362.01,30.37,1.364,1,0.135607,0.412507,-0.900804,179.598,6.166,179.812,-12.12,24.38,146.62,20
5,7,2,1,134.00,518.67,268.00,778.00,201.00,648.33,222.91,618.95,36.65,1.646,1,0.062621,0.560571,-0.825735,179.659,6.547,179.981,-12.31,24.32,145.49,20
6,1,0,1,134.00,0.00,268.00,259.33,201.00,129.67,196.67,153.63,24.35,1.093,1,0.043109,0.292433,-0.955314,179.969,7.044,179.769,-12.35,24.34,146.53,20
7,3,1,0,0.00,259.33,134.00,518.67,67.00,389.00,67.43,329.81,59.19,2.656,1,-0.052986,0.393954,-0.917602,179.689,6.747,179.756,-12.10,24.47,147.14,20
8,0,0,0,0.00,0.00,134.00,259.33,67.00,129.67,93.19,113.39,30.84,1.385,1,-0.033830,0.269242,-0.962478,179.795,7.146,179.696,-12.22,24.45,144.18,20
9,8,2,2,268.00,518.67,402.00,778.00,335.00,648.33,243.84,610.27,98.78,4.428,0,0.078184,0.555568,-0.827787,179.654,7.228,179.631,-11.87,24.30,145.64,20

# Per-cell accuracy
cell_idx,row,col,attempts,hits,accuracy_pct,mean_err_pt,mean_err_deg
0,0,0,1,1,100.00,30.84,1.385
1,0,1,1,1,100.00,24.35,1.093
2,0,2,1,1,100.00,29.79,1.338
3,1,0,1,1,100.00,59.19,2.656
4,1,1,1,1,100.00,76.89,3.449
5,1,2,1,1,100.00,30.37,1.364
6,2,0,1,1,100.00,9.77,0.439
7,2,1,1,1,100.00,36.65,1.646
8,2,2,1,0,0.00,98.78,4.428

# Overall
rows,cols,repeats,trial_count,hits,accuracy_pct,mean_error_pt,mean_error_deg,cell_w_pt,cell_h_pt,cell_tolerance_deg,tz_points,screen_w_pt,screen_h_pt,walking
3,3,1,9,8,88.89,44.07,1.977,134.00,259.33,3.006,1275.80,402.00,778.00,0


=== Run 6 — 4×4 — 2026-08-27T12:02:04Z ===
trial,cell_idx,row,col,cell_x_min,cell_y_min,cell_x_max,cell_y_max,cell_cx,cell_cy,pred_x,pred_y,err_pt,err_deg,hit,gaze_cam_x,gaze_cam_y,gaze_cam_z,head_yaw_deg,head_pitch_deg,head_roll_deg,head_tx_mm,head_ty_mm,head_tz_mm,n_samples
1,9,2,1,100.50,389.00,201.00,583.50,150.75,486.25,124.49,447.49,46.82,2.094,1,-0.017262,0.463676,-0.885837,179.672,7.680,179.991,-17.74,21.21,144.22,21
2,6,1,2,201.00,194.50,301.50,389.00,251.25,291.75,230.60,262.51,35.80,1.602,1,0.059688,0.354213,-0.933258,179.599,7.920,179.925,-17.66,21.07,144.16,20
3,0,0,0,0.00,0.00,100.50,194.50,50.25,97.25,60.52,-42.50,140.13,6.246,0,-0.063657,0.173716,-0.982736,179.690,7.409,179.930,-17.56,21.11,144.27,20
4,11,2,3,301.50,389.00,402.00,583.50,351.75,486.25,421.41,430.04,89.50,3.999,0,0.198063,0.453355,-0.869046,179.752,7.437,179.983,-17.64,21.08,143.98,21
5,8,2,0,0.00,389.00,100.50,583.50,50.25,486.25,38.43,453.09,35.20,1.575,1,-0.079676,0.466993,-0.880664,179.776,7.692,179.887,-17.54,21.04,143.32,21
6,12,3,0,0.00,583.50,100.50,778.00,50.25,680.75,30.43,652.43,34.57,1.547,1,-0.085480,0.584955,-0.806549,179.678,7.613,179.907,-17.73,21.08,143.12,20
7,2,0,2,201.00,0.00,301.50,194.50,251.25,97.25,331.86,82.14,82.01,3.665,0,0.133121,0.247474,-0.959706,179.786,7.233,179.871,-17.71,21.11,143.36,20
8,14,3,2,201.00,583.50,301.50,778.00,251.25,680.75,254.07,637.07,43.77,1.958,1,0.076710,0.575867,-0.813936,179.672,7.359,-179.977,-17.92,21.17,143.42,20
9,10,2,2,201.00,389.00,301.50,583.50,251.25,486.25,273.15,339.11,148.76,6.627,0,0.090543,0.399546,-0.912231,179.562,7.509,179.852,-17.75,21.19,144.44,20
10,7,1,3,301.50,194.50,402.00,389.00,351.75,291.75,368.74,300.51,19.12,0.856,1,0.159871,0.376704,-0.912434,179.716,7.531,179.836,-17.64,21.25,144.01,20
11,3,0,3,301.50,0.00,402.00,194.50,351.75,97.25,358.06,99.88,6.83,0.306,1,0.152120,0.257976,-0.954101,179.699,7.244,179.885,-17.80,21.04,143.15,21
12,15,3,3,301.50,583.50,402.00,778.00,351.75,680.75,432.15,655.91,84.15,3.761,0,0.205854,0.587012,-0.782970,179.665,6.976,-179.942,-17.75,21.17,141.92,20
13,13,3,1,100.50,583.50,201.00,778.00,150.75,680.75,155.42,657.56,23.66,1.059,1,0.005168,0.587988,-0.808853,179.571,6.933,-179.954,-17.59,21.18,143.03,20
14,4,1,0,0.00,194.50,100.50,389.00,50.25,291.75,57.57,296.78,8.88,0.397,1,-0.065800,0.374491,-0.924893,179.614,6.988,179.895,-17.69,21.19,142.51,20
15,5,1,1,100.50,194.50,201.00,389.00,150.75,291.75,148.46,270.01,21.86,0.978,1,0.000121,0.358650,-0.933472,179.752,6.674,-179.938,-17.66,21.08,142.23,20
16,1,0,1,100.50,0.00,201.00,194.50,150.75,97.25,193.48,79.65,46.22,2.067,1,0.032770,0.246003,-0.968715,179.655,6.802,179.958,-17.83,21.08,141.20,20

# Per-cell accuracy
cell_idx,row,col,attempts,hits,accuracy_pct,mean_err_pt,mean_err_deg
0,0,0,1,0,0.00,140.13,6.246
1,0,1,1,1,100.00,46.22,2.067
2,0,2,1,0,0.00,82.01,3.665
3,0,3,1,1,100.00,6.83,0.306
4,1,0,1,1,100.00,8.88,0.397
5,1,1,1,1,100.00,21.86,0.978
6,1,2,1,1,100.00,35.80,1.602
7,1,3,1,1,100.00,19.12,0.856
8,2,0,1,1,100.00,35.20,1.575
9,2,1,1,1,100.00,46.82,2.094
10,2,2,1,0,0.00,148.76,6.627
11,2,3,1,0,0.00,89.50,3.999
12,3,0,1,1,100.00,34.57,1.547
13,3,1,1,1,100.00,23.66,1.059
14,3,2,1,1,100.00,43.77,1.958
15,3,3,1,0,0.00,84.15,3.761

# Overall
rows,cols,repeats,trial_count,hits,accuracy_pct,mean_error_pt,mean_error_deg,cell_w_pt,cell_h_pt,cell_tolerance_deg,tz_points,screen_w_pt,screen_h_pt,walking
4,4,1,16,11,68.75,54.21,2.421,100.50,194.50,2.248,1280.28,402.00,778.00,0


=== Run 7 — 4×4 — 2026-08-27T12:03:05Z ===
trial,cell_idx,row,col,cell_x_min,cell_y_min,cell_x_max,cell_y_max,cell_cx,cell_cy,pred_x,pred_y,err_pt,err_deg,hit,gaze_cam_x,gaze_cam_y,gaze_cam_z,head_yaw_deg,head_pitch_deg,head_roll_deg,head_tx_mm,head_ty_mm,head_tz_mm,n_samples
1,9,2,1,100.50,389.00,201.00,583.50,150.75,486.25,166.00,456.59,33.35,1.488,1,0.012838,0.469066,-0.883070,179.078,6.135,179.659,-19.76,21.69,148.42,20
2,14,3,2,201.00,583.50,301.50,778.00,251.25,680.75,142.61,687.11,108.82,4.844,0,-0.004122,0.605478,-0.795852,179.137,5.965,179.379,-19.41,21.55,148.16,20
3,7,1,3,301.50,194.50,402.00,389.00,351.75,291.75,343.32,285.20,10.67,0.476,1,0.141434,0.367641,-0.919150,179.116,6.304,179.489,-19.59,21.57,147.41,20
4,3,0,3,301.50,0.00,402.00,194.50,351.75,97.25,344.66,84.32,14.75,0.658,1,0.142402,0.248764,-0.958039,179.179,6.357,179.563,-19.67,21.58,148.65,20
5,4,1,0,0.00,194.50,100.50,389.00,50.25,291.75,-22.25,275.05,74.40,3.316,0,-0.123685,0.361634,-0.924080,179.009,6.364,179.525,-19.73,21.61,149.78,20
6,10,2,2,201.00,389.00,301.50,583.50,251.25,486.25,149.18,458.58,105.75,4.708,0,0.000640,0.470241,-0.882538,179.162,6.679,179.621,-19.80,21.59,149.71,20
7,0,0,0,0.00,0.00,100.50,194.50,50.25,97.25,39.75,108.13,15.12,0.674,1,-0.078719,0.262854,-0.961619,179.160,6.896,179.629,-19.66,21.47,149.24,20
8,6,1,2,201.00,194.50,301.50,389.00,251.25,291.75,223.72,246.84,52.68,2.349,1,0.054700,0.344940,-0.937029,179.070,6.722,179.479,-19.85,21.52,150.67,20
9,13,3,1,100.50,583.50,201.00,778.00,150.75,680.75,140.23,650.83,31.71,1.415,1,-0.005852,0.584009,-0.811726,179.093,6.424,179.583,-19.80,21.55,150.32,20
10,5,1,1,100.50,194.50,201.00,389.00,150.75,291.75,132.48,312.43,27.60,1.231,1,-0.011471,0.383756,-0.923363,179.152,6.548,179.495,-19.74,21.53,150.02,21
11,15,3,3,301.50,583.50,402.00,778.00,351.75,680.75,332.38,668.23,23.07,1.029,1,0.133498,0.594304,-0.793083,179.066,6.328,179.504,-19.86,21.44,150.03,20
12,12,3,0,0.00,583.50,100.50,778.00,50.25,680.75,-25.77,694.04,77.18,3.440,0,-0.126238,0.609577,-0.782611,179.074,6.713,179.559,-19.88,21.43,150.43,20
13,11,2,3,301.50,389.00,402.00,583.50,351.75,486.25,302.35,456.03,57.91,2.582,1,0.111723,0.468731,-0.876247,179.157,6.437,179.427,-19.81,21.51,149.31,21
14,8,2,0,0.00,389.00,100.50,583.50,50.25,486.25,40.94,455.09,32.52,1.451,1,-0.077858,0.468176,-0.880199,179.065,6.529,179.471,-19.55,21.39,149.21,20
15,2,0,2,201.00,0.00,301.50,194.50,251.25,97.25,222.41,84.66,31.47,1.404,1,0.053744,0.248971,-0.967019,179.030,6.374,179.709,-19.67,21.46,149.94,20
16,1,0,1,100.50,0.00,201.00,194.50,150.75,97.25,67.22,106.77,84.07,3.746,0,-0.058796,0.262051,-0.963261,179.084,6.514,179.517,-19.91,21.53,150.47,21

# Per-cell accuracy
cell_idx,row,col,attempts,hits,accuracy_pct,mean_err_pt,mean_err_deg
0,0,0,1,1,100.00,15.12,0.674
1,0,1,1,0,0.00,84.07,3.746
2,0,2,1,1,100.00,31.47,1.404
3,0,3,1,1,100.00,14.75,0.658
4,1,0,1,0,0.00,74.40,3.316
5,1,1,1,1,100.00,27.60,1.231
6,1,2,1,1,100.00,52.68,2.349
7,1,3,1,1,100.00,10.67,0.476
8,2,0,1,1,100.00,32.52,1.451
9,2,1,1,1,100.00,33.35,1.488
10,2,2,1,0,0.00,105.75,4.708
11,2,3,1,1,100.00,57.91,2.582
12,3,0,1,0,0.00,77.18,3.440
13,3,1,1,1,100.00,31.71,1.415
14,3,2,1,0,0.00,108.82,4.844
15,3,3,1,1,100.00,23.07,1.029

# Overall
rows,cols,repeats,trial_count,hits,accuracy_pct,mean_error_pt,mean_error_deg,cell_w_pt,cell_h_pt,cell_tolerance_deg,tz_points,screen_w_pt,screen_h_pt,walking
4,4,1,16,11,68.75,48.82,2.176,100.50,194.50,2.241,1284.01,402.00,778.00,0


=== Run 8 — 4×4 — 2026-08-27T12:04:04Z ===
trial,cell_idx,row,col,cell_x_min,cell_y_min,cell_x_max,cell_y_max,cell_cx,cell_cy,pred_x,pred_y,err_pt,err_deg,hit,gaze_cam_x,gaze_cam_y,gaze_cam_z,head_yaw_deg,head_pitch_deg,head_roll_deg,head_tx_mm,head_ty_mm,head_tz_mm,n_samples
1,7,1,3,301.50,194.50,402.00,389.00,351.75,291.75,378.28,313.17,34.09,1.487,1,0.166785,0.384191,-0.908064,179.819,6.484,179.800,-17.61,21.89,145.68,20
2,11,2,3,301.50,389.00,402.00,583.50,351.75,486.25,376.42,423.98,66.98,2.919,1,0.165437,0.449767,-0.877690,179.949,6.092,179.840,-17.75,21.93,146.25,20
3,2,0,2,201.00,0.00,301.50,194.50,251.25,97.25,283.47,88.97,33.27,1.451,1,0.098031,0.251518,-0.962875,179.813,6.140,179.908,-17.73,21.85,147.34,20
4,0,0,0,0.00,0.00,100.50,194.50,50.25,97.25,54.99,66.83,30.78,1.342,1,-0.067667,0.238420,-0.968802,179.762,6.030,179.793,-17.97,21.87,146.30,20
5,4,1,0,0.00,194.50,100.50,389.00,50.25,291.75,41.73,140.92,151.07,6.560,0,-0.077287,0.282260,-0.956220,179.871,6.478,179.853,-17.88,21.88,145.72,20
6,15,3,3,301.50,583.50,402.00,778.00,351.75,680.75,272.71,660.52,81.58,3.554,0,0.090229,0.589741,-0.802536,179.809,5.995,179.901,-17.93,21.90,146.40,20
7,5,1,1,100.50,194.50,201.00,389.00,150.75,291.75,155.96,283.65,9.63,0.420,1,0.005556,0.366722,-0.930314,179.774,6.379,179.849,-17.55,21.85,145.88,20
8,3,0,3,301.50,0.00,402.00,194.50,351.75,97.25,319.80,49.79,57.21,2.494,1,0.124377,0.228335,-0.965605,179.816,6.430,179.771,-17.54,21.78,145.41,20
9,8,2,0,0.00,389.00,100.50,583.50,50.25,486.25,48.13,455.00,31.32,1.366,1,-0.072644,0.468125,-0.880671,179.655,6.525,179.674,-17.54,21.83,145.04,20
10,6,1,2,201.00,194.50,301.50,389.00,251.25,291.75,208.00,270.02,48.40,2.110,1,0.043295,0.358659,-0.932464,179.857,6.403,179.780,-17.28,21.74,144.68,20
11,1,0,1,100.50,0.00,201.00,194.50,150.75,97.25,144.24,94.40,7.10,0.310,1,-0.002942,0.254734,-0.967007,179.776,6.338,179.854,-17.56,21.78,144.38,20
12,10,2,2,201.00,389.00,301.50,583.50,251.25,486.25,132.94,462.40,120.69,5.249,0,-0.011135,0.472500,-0.881260,179.979,6.660,179.797,-17.49,21.83,145.95,20
13,9,2,1,100.50,389.00,201.00,583.50,150.75,486.25,108.34,472.09,44.71,1.949,1,-0.028974,0.478233,-0.877755,179.782,6.202,179.806,-17.57,21.80,145.34,20
14,13,3,1,100.50,583.50,201.00,778.00,150.75,680.75,123.27,606.19,79.47,3.462,1,-0.018148,0.557589,-0.829919,179.776,6.245,179.806,-17.65,21.70,145.12,20
15,12,3,0,0.00,583.50,100.50,778.00,50.25,680.75,32.14,682.68,18.22,0.794,1,-0.084241,0.602856,-0.793390,179.668,6.031,179.777,-17.58,21.87,144.86,20
16,14,3,2,201.00,583.50,301.50,778.00,251.25,680.75,164.98,649.96,91.60,3.989,0,0.012097,0.583491,-0.812030,179.687,6.315,179.859,-17.52,21.85,145.89,20

# Per-cell accuracy
cell_idx,row,col,attempts,hits,accuracy_pct,mean_err_pt,mean_err_deg
0,0,0,1,1,100.00,30.78,1.342
1,0,1,1,1,100.00,7.10,0.310
2,0,2,1,1,100.00,33.27,1.451
3,0,3,1,1,100.00,57.21,2.494
4,1,0,1,0,0.00,151.07,6.560
5,1,1,1,1,100.00,9.63,0.420
6,1,2,1,1,100.00,48.40,2.110
7,1,3,1,1,100.00,34.09,1.487
8,2,0,1,1,100.00,31.32,1.366
9,2,1,1,1,100.00,44.71,1.949
10,2,2,1,0,0.00,120.69,5.249
11,2,3,1,1,100.00,66.98,2.919
12,3,0,1,1,100.00,18.22,0.794
13,3,1,1,1,100.00,79.47,3.462
14,3,2,1,0,0.00,91.60,3.989
15,3,3,1,0,0.00,81.58,3.554

# Overall
rows,cols,repeats,trial_count,hits,accuracy_pct,mean_error_pt,mean_error_deg,cell_w_pt,cell_h_pt,cell_tolerance_deg,tz_points,screen_w_pt,screen_h_pt,walking
4,4,1,16,12,75.00,56.63,2.466,100.50,194.50,2.191,1313.63,402.00,778.00,0


=== Run 9 — 4×4 — 2026-08-27T12:05:12Z ===
trial,cell_idx,row,col,cell_x_min,cell_y_min,cell_x_max,cell_y_max,cell_cx,cell_cy,pred_x,pred_y,err_pt,err_deg,hit,gaze_cam_x,gaze_cam_y,gaze_cam_z,head_yaw_deg,head_pitch_deg,head_roll_deg,head_tx_mm,head_ty_mm,head_tz_mm,n_samples
1,2,0,2,201.00,0.00,301.50,194.50,251.25,97.25,264.42,98.50,13.23,0.618,1,0.084216,0.257161,-0.962692,179.940,6.756,-179.845,-17.48,21.35,147.70,20
2,6,1,2,201.00,194.50,301.50,389.00,251.25,291.75,261.62,270.19,23.93,1.118,1,0.082186,0.358759,-0.929805,179.995,6.426,-179.802,-17.49,21.36,147.73,20
3,12,3,0,0.00,583.50,100.50,778.00,50.25,680.75,59.48,657.80,24.74,1.156,1,-0.064409,0.588131,-0.806197,-179.928,6.274,-179.980,-17.54,21.38,148.08,21
4,14,3,2,201.00,583.50,301.50,778.00,251.25,680.75,265.06,686.29,14.88,0.695,1,0.084679,0.604995,-0.791714,179.971,6.210,-179.845,-17.44,21.30,146.93,20
5,1,0,1,100.50,0.00,201.00,194.50,150.75,97.25,162.40,124.97,30.07,1.405,1,0.010229,0.272820,-0.962011,179.995,6.575,-179.889,-17.32,21.42,145.98,20
6,7,1,3,301.50,194.50,402.00,389.00,351.75,291.75,369.51,264.91,32.19,1.504,1,0.160429,0.355633,-0.920754,179.932,6.813,-179.907,-17.19,21.38,146.34,20
7,0,0,0,0.00,0.00,100.50,194.50,50.25,97.25,64.62,69.58,31.18,1.457,1,-0.060682,0.240047,-0.968863,179.984,6.510,179.968,-17.36,21.38,146.71,21
8,11,2,3,301.50,389.00,402.00,583.50,351.75,486.25,328.37,454.16,39.71,1.855,1,0.130589,0.467624,-0.874228,-179.974,6.488,-179.764,-17.36,21.52,147.54,21
9,15,3,3,301.50,583.50,402.00,778.00,351.75,680.75,392.43,516.92,168.80,7.839,0,0.177048,0.504765,-0.844906,179.964,6.574,-179.900,-17.27,21.45,147.24,21
10,3,0,3,301.50,0.00,402.00,194.50,351.75,97.25,353.71,64.17,33.13,1.548,1,0.148968,0.236845,-0.960059,179.935,6.118,-179.899,-17.30,21.51,147.05,21
11,13,3,1,100.50,583.50,201.00,778.00,150.75,680.75,164.84,651.46,32.51,1.519,1,0.012000,0.584378,-0.811393,179.929,6.081,-179.867,-17.46,21.53,146.41,21
12,8,2,0,0.00,389.00,100.50,583.50,50.25,486.25,140.95,482.37,90.78,4.234,0,-0.005328,0.484319,-0.874876,179.850,6.318,-179.909,-17.46,21.46,145.72,20
13,5,1,1,100.50,194.50,201.00,389.00,150.75,291.75,230.92,279.06,81.17,3.787,0,0.059919,0.364008,-0.929467,179.892,6.683,-179.807,-17.69,21.45,146.44,20
14,9,2,1,100.50,389.00,201.00,583.50,150.75,486.25,144.59,436.31,50.32,2.350,1,-0.002692,0.457063,-0.889430,179.865,6.737,-179.924,-17.55,21.45,145.30,20
15,10,2,2,201.00,389.00,301.50,583.50,251.25,486.25,313.87,461.52,67.33,3.143,0,0.120079,0.471980,-0.873393,179.916,6.577,-179.797,-17.48,21.45,145.45,20
16,4,1,0,0.00,194.50,100.50,389.00,50.25,291.75,60.68,265.16,28.56,1.334,1,-0.063545,0.355781,-0.932407,179.956,6.260,-179.916,-17.49,21.44,144.41,20

# Per-cell accuracy
cell_idx,row,col,attempts,hits,accuracy_pct,mean_err_pt,mean_err_deg
0,0,0,1,1,100.00,31.18,1.457
1,0,1,1,1,100.00,30.07,1.405
2,0,2,1,1,100.00,13.23,0.618
3,0,3,1,1,100.00,33.13,1.548
4,1,0,1,1,100.00,28.56,1.334
5,1,1,1,0,0.00,81.17,3.787
6,1,2,1,1,100.00,23.93,1.118
7,1,3,1,1,100.00,32.19,1.504
8,2,0,1,0,0.00,90.78,4.234
9,2,1,1,1,100.00,50.32,2.350
10,2,2,1,0,0.00,67.33,3.143
11,2,3,1,1,100.00,39.71,1.855
12,3,0,1,1,100.00,24.74,1.156
13,3,1,1,1,100.00,32.51,1.519
14,3,2,1,1,100.00,14.88,0.695
15,3,3,1,0,0.00,168.80,7.839

# Overall
rows,cols,repeats,trial_count,hits,accuracy_pct,mean_error_pt,mean_error_deg,cell_w_pt,cell_h_pt,cell_tolerance_deg,tz_points,screen_w_pt,screen_h_pt,walking
4,4,1,16,12,75.00,47.66,2.223,100.50,194.50,2.347,1226.14,402.00,778.00,0


=== Run 10 — 4×4 — 2026-08-27T12:06:06Z ===
trial,cell_idx,row,col,cell_x_min,cell_y_min,cell_x_max,cell_y_max,cell_cx,cell_cy,pred_x,pred_y,err_pt,err_deg,hit,gaze_cam_x,gaze_cam_y,gaze_cam_z,head_yaw_deg,head_pitch_deg,head_roll_deg,head_tx_mm,head_ty_mm,head_tz_mm,n_samples
1,10,2,2,201.00,389.00,301.50,583.50,251.25,486.25,290.79,471.00,42.38,1.924,1,0.103339,0.477593,-0.872483,179.705,5.265,179.437,-18.53,22.25,143.70,20
2,2,0,2,201.00,0.00,301.50,194.50,251.25,97.25,286.99,96.50,35.75,1.623,1,0.100582,0.255976,-0.961436,179.704,5.119,179.371,-18.49,22.23,144.68,20
3,3,0,3,301.50,0.00,402.00,194.50,351.75,97.25,366.73,89.25,16.98,0.771,1,0.158410,0.251687,-0.954757,179.690,5.452,179.425,-18.48,22.26,146.28,21
4,11,2,3,301.50,389.00,402.00,583.50,351.75,486.25,370.21,451.84,39.05,1.773,1,0.160936,0.466252,-0.869890,179.761,5.194,179.300,-18.48,22.20,144.60,20
5,6,1,2,201.00,194.50,301.50,389.00,251.25,291.75,350.64,306.55,100.49,4.555,0,0.146743,0.380276,-0.913158,179.720,4.795,179.300,-18.35,22.32,144.73,20
6,14,3,2,201.00,583.50,301.50,778.00,251.25,680.75,299.12,659.18,52.51,2.384,1,0.109381,0.588947,-0.800735,179.801,5.065,179.368,-18.25,22.18,144.73,20
7,8,2,0,0.00,389.00,100.50,583.50,50.25,486.25,71.26,494.45,22.56,1.025,1,-0.055865,0.491470,-0.869101,179.605,5.267,179.463,-18.21,22.25,143.41,20
8,9,2,1,100.50,389.00,201.00,583.50,150.75,486.25,167.29,483.44,16.78,0.762,1,0.013775,0.484951,-0.874433,179.758,5.335,179.416,-18.44,22.36,144.11,21
9,4,1,0,0.00,194.50,100.50,389.00,50.25,291.75,54.41,280.06,12.41,0.564,1,-0.068089,0.364597,-0.928673,179.677,4.851,179.309,-18.85,22.26,144.27,21
10,5,1,1,100.50,194.50,201.00,389.00,150.75,291.75,160.70,263.63,29.83,1.355,1,0.008997,0.354875,-0.934870,179.761,4.722,179.318,-18.78,22.23,144.67,21
11,13,3,1,100.50,583.50,201.00,778.00,150.75,680.75,254.98,637.24,112.95,5.117,0,0.077368,0.575965,-0.813805,179.728,4.786,179.341,-18.70,22.27,144.98,20
12,1,0,1,100.50,0.00,201.00,194.50,150.75,97.25,160.92,95.97,10.25,0.466,1,0.009154,0.255660,-0.966723,179.720,4.985,179.260,-18.69,22.34,145.87,20
13,12,3,0,0.00,583.50,100.50,778.00,50.25,680.75,140.83,710.49,95.34,4.322,0,-0.005414,0.619311,-0.785127,179.724,5.168,179.302,-18.70,22.23,144.90,20
14,7,1,3,301.50,194.50,402.00,389.00,351.75,291.75,374.20,330.06,44.41,2.016,1,0.163828,0.394190,-0.904309,179.666,5.176,179.145,-18.65,22.22,144.74,20
15,0,0,0,0.00,0.00,100.50,194.50,50.25,97.25,94.27,87.34,45.13,2.049,1,-0.039178,0.250552,-0.967310,179.788,4.418,179.244,-18.64,22.34,145.10,20
16,15,3,3,301.50,583.50,402.00,778.00,351.75,680.75,378.08,641.05,47.64,2.163,1,0.166641,0.578222,-0.798680,179.654,5.341,179.514,-18.55,22.36,143.93,20

# Per-cell accuracy
cell_idx,row,col,attempts,hits,accuracy_pct,mean_err_pt,mean_err_deg
0,0,0,1,1,100.00,45.13,2.049
1,0,1,1,1,100.00,10.25,0.466
2,0,2,1,1,100.00,35.75,1.623
3,0,3,1,1,100.00,16.98,0.771
4,1,0,1,1,100.00,12.41,0.564
5,1,1,1,1,100.00,29.83,1.355
6,1,2,1,0,0.00,100.49,4.555
7,1,3,1,1,100.00,44.41,2.016
8,2,0,1,1,100.00,22.56,1.025
9,2,1,1,1,100.00,16.78,0.762
10,2,2,1,1,100.00,42.38,1.924
11,2,3,1,1,100.00,39.05,1.773
12,3,0,1,0,0.00,95.34,4.322
13,3,1,1,0,0.00,112.95,5.117
14,3,2,1,1,100.00,52.51,2.384
15,3,3,1,1,100.00,47.64,2.163

# Overall
rows,cols,repeats,trial_count,hits,accuracy_pct,mean_error_pt,mean_error_deg,cell_w_pt,cell_h_pt,cell_tolerance_deg,tz_points,screen_w_pt,screen_h_pt,walking
4,4,1,16,13,81.25,45.28,2.054,100.50,194.50,2.281,1261.43,402.00,778.00,0
