t_s,trial,cell_idx,row,col,target_x,target_y,phase,pred_x,pred_y,err_pt,in_cell,head_yaw_deg,head_pitch_deg,head_roll_deg,head_tx_mm,head_ty_mm,head_tz_mm,eye_cam_x_mm,eye_cam_y_mm,eye_cam_z_mm,pupil_left_px,pupil_right_px,raw_pitch_deg,raw_yaw_deg,raw_pred_x,raw_pred_y,filt_pitch_deg,filt_yaw_deg,filt_pred_x,filt_pred_y,ear,blink_held
0.0000,1,5,1,2,335.00,320.25,active,276.38,359.70,70.66,1,-173.888,4.210,-178.224,-8.56,34.76,130.57,-11.90,5.55,154.50,60.529,60.105,-30.1397,-0.9467,281.01,335.41,-28.2639,1.6573,276.38,359.70,0.23437,0
0.1033,1,5,1,2,335.00,320.25,active,301.99,343.88,40.60,1,-174.896,4.046,-177.827,-10.50,36.74,130.19,-12.84,5.12,156.12,60.908,60.434,-28.4158,5.5268,297.30,357.42,-27.0296,2.9277,301.99,343.88,0.27664,0
0.1862,1,8,2,2,335.00,469.75,active,317.62,411.91,60.39,1,-175.663,4.210,-178.211,-5.88,35.90,130.19,-8.35,5.22,153.66,61.207,60.164,-31.0497,3.8851,360.24,419.16,-30.0086,3.9169,317.62,411.91,0.26034,0
0.2717,1,5,1,2,335.00,320.25,active,325.23,382.98,63.49,1,-174.777,4.471,-178.055,-8.41,34.44,130.37,-13.12,5.59,154.60,60.695,60.687,-28.0424,7.0792,324.47,387.09,-29.0929,4.6783,325.23,382.98,0.25772,0
0.3551,1,8,2,2,335.00,469.75,active,338.86,499.03,29.53,1,-174.901,4.256,-178.462,-9.64,34.66,130.55,-10.36,4.17,156.26,61.107,60.831,-30.3651,5.1056,316.64,499.35,-32.9076,5.3769,338.86,499.03,0.26262,0
0.4424,1,8,2,2,335.00,469.75,active,347.22,485.60,20.02,1,-174.477,4.170,-178.720,-11.89,34.48,131.38,-10.36,6.05,156.74,61.417,60.822,-31.9821,6.9606,355.97,485.38,-32.3199,6.3328,347.22,485.60,0.24227,0
0.5314,1,8,2,2,335.00,469.75,active,349.66,485.72,21.68,1,-174.153,4.456,-178.306,-8.39,37.14,130.18,-14.04,5.51,153.04,61.457,60.954,-31.0147,9.0945,387.29,508.38,-32.9060,5.3759,349.66,485.72,0.25827,0
0.6258,1,8,2,2,335.00,469.75,active,342.60,481.49,13.99,1,-174.219,4.692,-178.355,-9.80,35.28,131.28,-11.58,3.62,153.91,62.003,60.782,-32.1468,7.6242,331.21,502.47,-31.9724,4.9162,342.60,481.49,0.24645,0
0.7034,1,11,3,2,335.00,619.25,active,271.29,555.30,90.27,1,-173.840,3.852,-178.623,-9.79,34.91,130.85,-9.21,4.94,154.79,60.770,60.082,-34.0378,-3.1704,231.37,531.32,-34.6502,1.6332,271.29,555.30,0.24979,0
0.8028,1,8,2,2,335.00,469.75,active,298.60,505.97,51.35,1,-174.905,4.508,-178.132,-11.59,34.37,130.24,-10.47,4.17,154.68,61.388,60.541,-32.9554,6.2549,309.07,520.97,-32.8510,2.4135,298.60,505.97,0.26653,0
0.8866,1,7,2,1,201.00,469.75,active,231.08,409.81,67.06,1,-174.976,4.451,-178.133,-8.51,36.62,130.38,-11.17,4.24,154.71,60.585,60.126,-29.1132,-2.2288,242.59,407.99,-30.1760,-1.3648,231.08,409.81,0.24570,0
0.9805,1,8,2,2,335.00,469.75,active,291.75,514.25,62.05,1,-173.745,4.941,-178.350,-12.38,35.03,129.18,-13.04,4.86,154.51,61.859,60.020,-33.9976,-0.2058,293.56,502.10,-33.1733,2.5424,291.75,514.25,0.25009,0
1.0613,1,8,2,2,335.00,469.75,active,310.14,482.65,28.01,1,-174.903,4.246,-178.886,-9.62,35.79,129.31,-10.95,6.35,154.14,61.644,60.370,-32.5555,6.3341,298.36,497.94,-32.5876,2.6351,310.14,482.65,0.26675,0
1.1595,1,8,2,2,335.00,469.75,active,323.04,461.38,14.60,1,-175.626,4.438,-178.394,-9.60,36.08,129.23,-11.63,2.90,156.23,59.857,60.083,-31.3476,6.9467,278.52,452.74,-31.3273,4.2691,323.04,461.38,0.25486,0
1.2396,1,8,2,2,335.00,469.75,active,268.16,404.64,93.31,1,-174.919,3.731,-178.349,-8.51,34.46,129.84,-10.49,5.61,155.87,61.221,58.986,-28.6418,-2.9568,271.34,421.22,-29.7978,1.3009,268.16,404.64,0.25153,0
1.3275,1,8,2,2,335.00,469.75,active,299.79,437.80,47.55,1,-174.422,4.794,-178.108,-9.54,35.62,131.81,-9.08,3.53,156.08,61.323,60.739,-30.7332,4.1920,303.26,404.44,-30.7730,3.0312,299.79,437.80,0.25888,0
1.4184,1,4,1,1,201.00,320.25,active,240.91,384.15,75.34,1,-175.105,4.936,-178.360,-9.06,35.19,129.55,-11.06,7.12,154.75,61.113,61.078,-28.1975,-1.6385,234.25,388.53,-29.5320,-0.6357,240.91,384.15,0.25592,0
1.5246,1,8,2,2,335.00,469.75,active,291.99,414.04,70.38,1,-173.617,4.739,-178.209,-8.12,35.97,130.94,-8.29,4.94,155.01,60.747,60.197,-29.2275,2.2776,302.19,409.88,-29.8563,2.4431,291.99,414.04,0.24272,0
1.6321,1,7,2,1,201.00,469.75,active,232.20,435.68,46.19,1,-175.522,4.996,-178.711,-10.07,35.15,130.72,-12.91,3.34,155.03,61.999,60.388,-29.1680,-0.3595,237.81,406.45,-31.0618,-0.7677,232.20,435.68,0.28236,0
1.7173,1,7,2,1,201.00,469.75,active,231.68,531.28,68.75,1,-174.362,4.679,-178.540,-11.66,34.33,128.81,-12.06,5.37,154.31,61.183,61.184,-32.9562,-5.5564,236.83,542.30,-33.7315,-0.8289,231.68,531.28,0.25308,0
1.8165,1,10,3,1,201.00,619.25,active,216.48,583.63,38.84,1,-174.498,4.610,-177.712,-11.10,35.51,129.37,-10.94,4.24,154.64,61.685,59.563,-37.3361,-2.4959,218.16,591.12,-35.9436,-3.5415,216.48,583.63,0.26289,0
1.9280,1,8,2,2,335.00,469.75,active,277.11,520.53,77.01,1,-174.710,4.380,-178.501,-10.87,35.95,131.90,-11.51,5.29,156.08,60.904,61.132,-31.6485,5.3680,260.12,531.72,-33.4137,1.8779,277.11,520.53,0.24463,0
2.0329,1,11,3,2,335.00,619.25,active,324.86,566.65,53.57,1,-176.022,4.343,-178.255,-7.16,35.93,130.93,-9.27,5.71,154.83,62.040,61.291,-34.2925,6.8217,342.77,579.38,-34.4283,4.6315,324.86,566.65,0.25104,0
2.1358,1,8,2,2,335.00,469.75,active,330.68,516.34,46.79,1,-175.175,4.379,-178.343,-10.95,35.50,130.23,-11.08,4.84,154.09,60.573,61.577,-35.6424,-0.2990,330.74,505.72,-33.5251,4.1780,330.68,516.34,0.25356,0
2.2212,1,8,2,2,335.00,469.75,active,323.72,408.96,61.82,1,-175.154,4.809,-178.355,-10.87,35.79,131.17,-10.19,5.39,155.88,61.122,61.033,-31.9823,4.5447,327.82,435.74,-30.6790,4.6781,323.72,408.96,0.23210,0
2.3208,1,8,2,2,335.00,469.75,active,318.96,419.35,52.89,1,-174.726,4.439,-178.649,-9.81,35.38,131.65,-9.75,5.58,155.01,60.443,60.202,-30.7160,3.5033,340.82,415.20,-30.6570,4.8524,318.96,419.35,0.24005,0
2.4006,1,8,2,2,335.00,469.75,active,324.39,431.94,39.27,1,-174.196,4.801,-178.492,-8.29,34.64,129.01,-12.63,5.34,154.77,60.706,61.463,-31.8060,0.0472,336.46,430.20,-31.0047,3.7818,324.39,431.94,0.25002,0
2.4935,1,8,2,2,335.00,469.75,active,328.97,449.78,20.86,1,-175.341,4.144,-178.209,-8.92,34.34,129.86,-13.46,5.22,156.55,60.180,59.990,-28.9912,4.6091,332.53,422.73,-31.4469,3.7015,328.97,449.78,0.26707,0
2.6024,1,8,2,2,335.00,469.75,active,332.88,452.05,17.83,1,-175.456,4.375,-177.891,-6.82,35.42,130.71,-8.09,3.28,154.30,61.158,60.469,-29.9563,5.1564,343.30,426.67,-31.4937,5.5949,332.88,452.05,0.26158,0
2.6969,1,5,1,2,335.00,320.25,active,328.09,379.55,59.70,1,-175.093,3.775,-178.206,-8.49,34.83,129.53,-11.17,5.99,153.43,61.221,60.224,-25.2181,2.4028,339.81,333.57,-28.8038,4.2715,328.09,379.55,0.26664,0
2.8001,1,8,2,2,335.00,469.75,active,340.49,425.74,44.35,1,-174.835,4.218,-178.149,-9.48,35.43,130.33,-12.05,6.19,155.80,62.344,60.521,-30.8129,1.6474,333.33,433.38,-30.4438,5.3955,340.49,425.74,0.26058,0
2.8801,1,8,2,2,335.00,469.75,active,337.24,446.26,23.59,1,-175.715,4.677,-178.279,-9.23,37.31,129.25,-9.47,5.17,154.79,61.361,60.199,-33.1853,3.1652,297.95,446.47,-30.5512,5.3760,337.24,446.26,0.26044,0
2.9764,1,8,2,2,335.00,469.75,active,342.96,457.76,14.39,1,-174.960,4.137,-177.619,-8.81,34.65,129.75,-12.15,5.68,155.47,61.543,61.925,-31.2539,6.1490,321.06,437.89,-30.7662,6.3026,342.96,457.76,0.26632,0
3.1017,1,8,2,2,335.00,469.75,active,336.98,469.65,1.98,1,-173.863,4.342,-178.610,-8.57,34.47,130.91,-9.12,5.62,156.00,60.605,61.172,-31.9852,8.0158,337.93,477.46,-32.0279,5.5517,336.98,469.65,0.25597,0
3.1789,1,8,2,2,335.00,469.75,active,350.12,462.72,16.68,1,-174.351,4.571,-178.290,-8.00,34.80,130.44,-7.56,3.64,154.17,60.873,60.872,-30.1164,7.6948,339.71,462.81,-31.3485,6.2136,350.12,462.72,0.23916,0
3.2788,1,8,2,2,335.00,469.75,active,342.05,473.99,8.23,1,-174.604,3.873,-178.353,-11.93,37.40,128.30,-11.26,6.08,154.22,60.087,60.804,-31.5254,4.4393,293.52,485.16,-32.4019,5.6551,342.05,473.99,0.25496,0
3.3679,1,8,2,2,335.00,469.75,active,341.80,459.31,12.46,1,-173.980,4.733,-178.264,-10.01,35.03,130.22,-9.23,7.30,154.85,61.287,59.781,-31.2527,8.5445,351.25,451.27,-31.6239,5.6593,341.80,459.31,0.25754,0
3.4529,1,8,2,2,335.00,469.75,active,348.45,475.43,14.60,1,-174.843,3.930,-178.270,-9.37,36.13,132.14,-8.91,4.68,155.17,61.568,60.852,-32.5897,1.6989,350.66,472.00,-32.7374,6.4009,348.45,475.43,0.25793,0
3.5462,1,8,2,2,335.00,469.75,active,351.17,465.75,16.66,1,-174.009,4.467,-178.492,-11.86,35.96,130.70,-8.89,5.16,154.90,61.370,60.326,-31.3586,3.8603,366.76,457.01,-31.6026,6.3680,351.17,465.75,0.26106,0
3.6352,1,8,2,2,335.00,469.75,active,335.35,465.60,4.16,1,-174.957,4.703,-178.232,-9.21,36.92,132.57,-8.45,4.39,152.89,61.170,61.038,-30.6384,6.6105,324.07,444.29,-31.9132,5.6424,335.35,465.60,0.25539,0
3.7337,2,7,2,1,201.00,469.75,active,261.00,535.03,88.66,1,-173.719,4.828,-178.242,-7.28,35.49,130.40,-9.34,4.97,153.70,61.369,60.497,-34.1856,1.6244,256.15,553.52,-34.0397,1.5134,261.00,535.03,0.25417,0
3.8293,2,8,2,2,335.00,469.75,active,299.12,509.07,53.23,1,-175.243,4.938,-178.497,-8.43,35.54,130.47,-13.57,5.24,153.36,61.443,60.924,-33.6317,3.0182,318.52,479.00,-33.1118,2.4125,299.12,509.07,0.25863,0
3.9227,2,8,2,2,335.00,469.75,active,326.90,478.88,12.20,1,-175.768,4.170,-178.045,-9.79,36.54,129.65,-11.04,5.40,154.29,62.186,59.771,-30.6156,3.3730,304.94,504.79,-31.7783,4.9662,326.90,478.88,0.24824,0
4.0182,2,8,2,2,335.00,469.75,active,325.70,485.03,17.89,1,-175.266,4.831,-178.283,-10.07,35.73,131.54,-10.15,6.03,156.26,61.191,60.987,-34.9140,1.1821,297.48,511.28,-32.5182,4.6186,325.70,485.03,0.26090,0
4.1145,2,8,2,2,335.00,469.75,active,319.97,474.72,15.83,1,-176.684,4.424,-178.742,-11.46,34.74,130.67,-10.49,5.75,154.31,60.814,60.632,-33.6518,7.7376,314.96,454.05,-32.3290,4.4518,319.97,474.72,0.24470,0
4.2236,2,8,2,2,335.00,469.75,active,330.98,472.15,4.68,1,-176.418,4.815,-178.516,-9.81,35.12,131.02,-12.64,5.14,153.48,59.801,60.482,-35.1722,8.6487,329.16,476.94,-32.2713,4.7097,330.98,472.15,0.28290,0
4.3249,2,8,2,2,335.00,469.75,active,330.96,468.64,4.19,1,-174.402,4.317,-178.516,-9.69,37.50,131.63,-10.91,4.32,154.47,60.034,60.368,-29.6204,5.7004,338.17,467.50,-31.8223,4.8750,330.96,468.64,0.26665,0
4.4141,2,8,2,2,335.00,469.75,active,326.17,472.66,9.30,1,-176.110,4.083,-178.227,-7.90,36.71,130.88,-9.28,4.79,155.63,60.681,59.862,-32.4832,5.1811,331.93,494.15,-32.0981,4.4189,326.17,472.66,0.24682,0
4.5142,2,8,2,2,335.00,469.75,active,339.25,544.08,74.45,1,-175.331,5.467,-178.331,-10.90,35.81,130.64,-9.34,5.72,154.94,60.671,61.081,-35.5470,1.4727,340.59,572.96,-34.1025,5.4740,339.25,544.08,0.26554,0
4.5972,2,8,2,2,335.00,469.75,active,340.32,498.80,29.54,1,-173.684,4.099,-178.482,-9.51,34.52,130.16,-10.71,5.37,153.20,60.744,59.494,-34.0632,5.4840,362.05,487.95,-32.4495,5.6912,340.32,498.80,0.24987,0
4.6940,2,11,3,2,335.00,619.25,active,337.98,551.75,67.56,1,-174.550,3.954,-178.296,-7.27,34.04,129.96,-9.12,4.51,153.59,61.506,60.853,-35.6463,6.0506,382.46,503.44,-34.5800,4.6067,337.98,551.75,0.27234,0
4.8042,2,8,2,2,335.00,469.75,active,322.22,499.26,32.16,1,-175.630,4.548,-178.433,-9.91,36.53,133.09,-9.40,7.28,155.61,59.900,61.022,-31.9269,4.2420,293.29,522.99,-33.1765,4.3006,322.22,499.26,0.22537,0
4.9193,2,8,2,2,335.00,469.75,active,340.36,475.80,8.08,1,-176.616,4.292,-178.418,-8.80,35.96,130.16,-9.21,4.11,154.56,60.733,60.741,-31.0137,8.3894,325.75,458.72,-32.0869,5.4494,340.36,475.80,0.23863,0
5.0125,2,8,2,2,335.00,469.75,active,344.22,478.01,12.38,1,-175.338,4.505,-177.967,-8.55,35.89,131.38,-8.53,5.61,154.88,61.085,60.694,-30.7300,4.1385,344.57,485.82,-31.7584,5.6549,344.22,478.01,0.26529,0
5.1044,2,8,2,2,335.00,469.75,active,331.68,475.12,6.31,1,-174.802,4.732,-178.107,-10.02,36.57,131.26,-11.23,4.96,154.05,61.014,61.723,-31.8340,3.2639,319.57,460.51,-31.8117,5.0814,331.68,475.12,0.24693,0
5.2122,2,5,1,2,335.00,320.25,active,339.18,392.15,72.02,1,-175.920,4.405,-178.190,-9.49,36.07,130.10,-10.43,6.41,154.46,60.579,61.456,-27.9894,7.2100,367.08,374.13,-28.9909,5.1490,339.18,392.15,0.25156,0
5.3104,2,7,2,1,201.00,469.75,active,264.75,415.24,83.88,1,-174.213,4.412,-178.520,-10.09,34.92,129.63,-7.25,5.33,154.37,59.633,60.707,-28.7913,3.7207,231.69,402.13,-29.5917,1.0398,264.75,415.24,0.28648,0
5.3979,2,4,1,1,201.00,320.25,active,230.46,376.56,63.55,1,-175.270,4.359,-178.242,-8.80,35.54,131.82,-6.04,5.61,155.88,59.541,60.601,-27.2294,-3.7093,247.41,360.98,-28.4046,-1.5124,230.46,376.56,0.26484,0
5.4697,2,7,2,1,201.00,469.75,active,210.89,410.01,60.55,1,-175.992,3.836,-178.213,-9.32,35.13,131.46,-7.96,6.03,153.42,60.769,60.086,-33.3056,1.6170,197.53,411.44,-30.3955,-2.4082,210.89,410.01,0.26361,0
5.5577,2,8,2,2,335.00,469.75,active,281.05,447.97,58.18,1,-175.906,4.470,-178.520,-11.32,35.00,132.01,-13.44,5.07,153.13,61.898,60.727,-31.3901,0.2328,281.53,461.25,-31.1671,1.0497,281.05,447.97,0.25108,0
5.6684,2,7,2,1,201.00,469.75,active,241.67,460.87,41.63,1,-175.218,5.015,-178.649,-6.08,36.67,130.76,-12.74,4.07,154.68,60.520,60.798,-29.7184,-1.0751,264.92,471.99,-31.1308,-0.4301,241.67,460.87,0.26525,0
5.7777,2,8,2,2,335.00,469.75,active,286.51,459.08,49.65,1,-174.487,4.312,-178.105,-7.49,33.91,131.94,-10.78,5.89,155.21,60.828,60.898,-32.0861,1.5134,275.92,462.48,-31.7049,1.8832,286.51,459.08,0.26282,0
5.8693,2,8,2,2,335.00,469.75,active,318.13,474.40,17.50,1,-175.064,4.058,-178.472,-10.07,36.46,130.70,-12.14,4.83,154.69,61.361,61.437,-30.6011,2.7807,321.40,487.54,-31.1968,3.7753,318.13,474.40,0.25049,0
5.9505,2,8,2,2,335.00,469.75,active,330.56,544.43,74.81,1,-175.258,5.139,-178.456,-8.52,36.22,129.64,-10.05,6.09,154.67,60.292,61.123,-34.1764,4.3369,354.90,522.31,-34.4789,4.3389,330.56,544.43,0.25011,0
6.0560,2,8,2,2,335.00,469.75,active,329.27,508.93,39.59,1,-175.431,4.508,-178.257,-12.21,34.79,129.97,-8.59,5.99,155.38,61.243,60.175,-37.3349,3.2927,305.89,523.91,-33.2710,4.9071,329.27,508.93,0.24579,0
6.1493,2,7,2,1,201.00,469.75,active,254.62,489.53,57.15,1,-176.183,4.397,-178.010,-9.66,34.55,132.20,-9.21,5.38,154.37,60.861,60.402,-33.4708,-0.2893,261.55,477.63,-32.7561,0.2912,254.62,489.53,0.28610,0
6.2580,2,8,2,2,335.00,469.75,active,316.13,408.73,63.87,1,-175.902,4.951,-178.435,-10.10,36.53,131.35,-10.60,6.25,156.05,60.737,60.994,-27.3966,0.7847,302.53,354.84,-30.1413,2.9636,316.13,408.73,0.25616,0
6.3637,2,5,1,2,335.00,320.25,active,322.07,363.91,45.53,1,-174.748,4.811,-178.974,-7.10,36.69,130.60,-7.66,6.54,155.32,61.097,60.794,-29.3767,0.4126,313.53,322.70,-28.5172,3.8912,322.07,363.91,0.24743,0
6.4591,2,8,2,2,335.00,469.75,active,337.65,411.13,58.68,1,-175.232,3.881,-178.272,-11.04,36.42,130.90,-8.16,6.41,154.32,60.474,60.103,-31.3050,3.4284,297.98,409.25,-29.5145,5.1274,337.65,411.13,0.27239,0
6.5400,2,5,1,2,335.00,320.25,active,329.64,370.65,50.68,1,-173.929,4.749,-178.421,-8.31,35.09,131.54,-9.58,5.07,153.79,61.182,60.331,-30.7859,5.6182,321.50,380.92,-28.7889,4.8942,329.64,370.65,0.26279,0
6.6345,2,8,2,2,335.00,469.75,active,347.93,424.18,47.37,1,-175.974,4.139,-178.404,-10.97,36.40,130.66,-11.15,3.81,155.85,60.698,60.009,-27.7317,2.2064,352.24,435.21,-29.5839,5.9171,347.93,424.18,0.25239,0
6.7292,2,8,2,2,335.00,469.75,active,337.59,436.55,33.30,1,-174.775,4.907,-178.138,-9.88,34.57,129.25,-11.92,4.44,155.16,61.679,60.800,-31.2104,4.8921,363.25,433.91,-31.2126,5.5174,337.59,436.55,0.24211,0
6.8256,2,5,1,2,335.00,320.25,active,340.80,377.28,57.32,1,-174.870,4.723,-178.423,-7.81,34.62,132.30,-10.65,4.78,153.52,61.373,60.170,-27.2518,6.3146,322.96,361.97,-29.1600,5.3046,340.80,377.28,0.24360,0
6.9139,2,8,2,2,335.00,469.75,active,337.08,437.88,31.94,1,-174.800,4.701,-178.012,-10.31,35.78,128.88,-9.82,6.35,152.96,61.997,60.395,-32.9673,6.1679,353.90,456.65,-30.3852,4.8603,337.08,437.88,0.24268,0
7.0125,2,8,2,2,335.00,469.75,active,343.15,440.68,30.19,1,-175.570,4.653,-177.959,-12.11,34.48,130.81,-5.72,5.17,155.06,61.330,60.553,-32.9609,9.8790,347.89,463.67,-31.1182,5.2576,343.15,440.68,0.26296,0
7.1027,2,8,2,2,335.00,469.75,active,341.17,453.07,17.78,1,-175.506,3.972,-177.738,-9.56,34.57,133.12,-10.29,5.96,155.68,60.981,60.807,-32.2095,6.7529,320.57,469.76,-31.4248,5.4293,341.17,453.07,0.25517,0
7.1944,2,8,2,2,335.00,469.75,active,340.84,477.70,9.86,1,-173.859,4.682,-177.913,-9.82,35.19,129.69,-10.65,4.39,154.70,60.473,61.195,-34.0741,9.8292,335.19,460.36,-32.0845,5.1897,340.84,477.70,0.25556,0
7.2926,2,8,2,2,335.00,469.75,active,337.49,484.89,15.34,1,-175.164,4.224,-178.718,-12.32,33.77,131.45,-10.66,5.78,155.17,60.923,60.091,-33.0981,2.1314,305.10,470.45,-32.3759,5.4308,337.49,484.89,0.23592,0
7.3817,2,8,2,2,335.00,469.75,active,326.17,470.04,8.83,1,-176.765,4.607,-178.232,-7.20,35.99,130.21,-11.72,4.92,155.75,61.847,61.112,-33.1056,3.5529,304.78,426.85,-32.1481,5.3029,326.17,470.04,0.29412,0
7.4863,2,8,2,2,335.00,469.75,active,326.34,466.45,9.27,1,-175.748,4.156,-177.899,-7.66,34.19,129.28,-12.11,4.80,153.94,61.638,60.099,-32.7790,5.0220,354.75,486.94,-31.6054,4.9843,326.34,466.45,0.24588,0
7.5715,2,8,2,2,335.00,469.75,active,333.69,456.46,13.36,1,-174.943,4.655,-177.960,-8.16,35.65,133.68,-8.65,5.75,154.30,60.683,60.900,-32.5807,2.8831,317.16,461.01,-31.4123,5.0485,333.69,456.46,0.24372,0
7.6809,2,8,2,2,335.00,469.75,active,333.12,478.22,8.68,1,-174.799,4.503,-178.478,-11.00,35.81,129.92,-10.84,5.46,155.66,61.176,61.026,-31.7608,3.4227,321.37,473.61,-32.1771,4.5596,333.12,478.22,0.27110,0
7.7749,2,8,2,2,335.00,469.75,active,331.45,468.32,3.83,1,-175.831,3.963,-177.867,-10.49,34.87,130.56,-11.87,5.86,155.36,61.062,60.520,-32.1157,5.0526,347.32,476.20,-31.6811,4.8806,331.45,468.32,0.25396,0
7.8816,2,8,2,2,335.00,469.75,active,330.76,475.29,6.97,1,-174.705,4.178,-178.324,-11.54,34.37,130.44,-11.80,6.42,155.54,60.435,60.677,-31.5556,7.7364,325.66,456.64,-32.0910,4.8123,330.76,475.29,0.27750,0
7.9934,2,8,2,2,335.00,469.75,active,331.64,465.22,5.64,1,-175.347,3.893,-178.313,-6.58,35.17,130.59,-8.51,4.40,154.59,59.926,60.226,-33.1574,1.6304,315.63,458.89,-31.8994,4.4247,331.64,465.22,0.23092,0
8.0950,2,8,2,2,335.00,469.75,active,332.89,464.13,6.00,1,-173.807,4.207,-177.736,-10.16,35.01,131.63,-11.00,5.15,155.60,61.242,60.219,-31.6938,6.2171,350.67,446.55,-31.0141,4.4150,332.89,464.13,0.24346,0
8.1748,2,8,2,2,335.00,469.75,active,337.89,459.15,10.99,1,-175.349,4.303,-178.510,-7.04,35.57,128.81,-9.65,5.50,155.54,60.222,59.881,-30.4935,0.8968,320.41,473.29,-31.0978,5.1221,337.89,459.15,0.26718,0
8.2503,3,7,2,1,201.00,469.75,active,194.54,526.55,57.17,1,-175.556,4.787,-177.629,-8.53,36.89,130.92,-8.95,5.92,154.58,60.872,61.434,-32.5322,2.1982,215.66,500.71,-33.3175,-3.6453,194.54,526.55,0.25454,0
8.3493,3,9,3,0,67.00,619.25,active,117.92,579.03,64.88,1,-176.364,3.812,-178.435,-10.64,35.32,128.87,-9.22,5.19,153.75,60.840,60.556,-34.5213,-8.6692,85.80,602.10,-35.5050,-7.8649,117.92,579.03,0.25650,0
8.4384,3,9,3,0,67.00,619.25,active,90.11,614.13,23.66,1,-174.876,4.058,-178.267,-7.79,35.38,130.41,-11.25,5.18,156.47,61.403,61.548,-35.3750,-1.8070,98.87,596.61,-36.2771,-10.5909,90.11,614.13,0.26387,0
8.5157,3,9,3,0,67.00,619.25,active,73.59,614.81,7.94,1,-175.451,3.894,-177.779,-7.26,36.08,129.12,-9.67,6.54,154.42,60.381,61.079,-36.1178,-9.1467,62.11,618.30,-37.0422,-11.5108,73.59,614.81,0.26727,0
8.6079,3,9,3,0,67.00,619.25,active,69.57,550.55,68.75,1,-176.748,4.117,-178.341,-8.72,35.62,131.56,-7.67,3.18,156.04,61.361,59.714,-36.0574,-11.7072,83.42,565.91,-34.3259,-11.1174,69.57,550.55,0.25821,0
8.7069,3,7,2,1,201.00,469.75,active,136.62,499.02,70.72,1,-175.316,4.104,-177.910,-7.48,34.30,130.73,-8.16,5.61,153.26,59.511,60.889,-33.9849,-3.6957,124.41,461.87,-32.9611,-7.4065,136.62,499.02,0.23832,0
8.8220,3,6,2,0,67.00,469.75,active,103.08,482.70,38.33,1,-174.569,3.385,-178.024,-10.09,36.31,130.87,-11.84,7.56,157.26,61.260,61.396,-31.4537,-7.4236,124.70,475.94,-32.0701,-9.5712,103.08,482.70,0.23682,0
8.9089,3,9,3,0,67.00,619.25,active,82.36,553.26,67.76,1,-175.320,4.790,-178.308,-9.43,33.91,131.60,-7.68,5.78,155.52,61.276,60.727,-35.2451,-14.0604,92.91,517.21,-34.7251,-10.7391,82.36,553.26,0.25028,0
8.9918,3,9,3,0,67.00,619.25,active,72.07,580.80,38.78,1,-175.968,4.533,-177.955,-8.55,36.05,131.23,-9.07,6.67,153.29,61.403,59.809,-34.0661,-12.6065,25.90,591.89,-35.9987,-11.0175,72.07,580.80,0.24529,0
9.0928,3,9,3,0,67.00,619.25,active,68.60,596.14,23.17,1,-173.035,4.552,-178.180,-8.17,35.91,129.87,-11.43,5.70,154.40,60.869,59.568,-33.3973,-7.8170,64.01,628.20,-35.5693,-11.1596,68.60,596.14,0.26396,0
9.2004,3,7,2,1,201.00,469.75,active,140.03,531.16,86.53,1,-173.143,3.693,-177.935,-6.63,35.12,132.67,-9.92,4.27,154.26,61.188,60.487,-34.1656,-11.1947,127.86,526.58,-33.7868,-6.5971,140.03,531.16,0.25600,0
9.2979,3,9,3,0,67.00,619.25,active,102.81,564.17,65.69,1,-174.957,5.015,-178.477,-9.93,34.59,131.41,-9.14,6.39,156.07,60.697,60.378,-34.2865,-7.6243,79.75,581.29,-33.7096,-8.6223,102.81,564.17,0.25719,0
9.3987,3,9,3,0,67.00,619.25,active,79.23,583.91,37.40,1,-175.720,4.236,-178.565,-9.90,34.07,132.25,-12.52,6.97,151.46,59.836,60.384,-35.0394,-6.3276,55.03,595.73,-35.9027,-11.0685,79.23,583.91,0.26070,0
9.4821,3,9,3,0,67.00,619.25,active,67.33,603.03,16.22,1,-174.637,4.160,-177.762,-8.83,35.50,128.85,-7.94,4.50,156.43,60.519,60.708,-37.4558,-14.2776,67.37,619.69,-36.0248,-10.5381,67.33,603.03,0.25946,0
9.5761,3,7,2,1,201.00,469.75,active,141.26,522.14,79.46,1,-174.748,4.383,-178.607,-7.94,35.32,129.40,-9.14,4.46,154.30,61.220,59.887,-34.0611,-10.1178,141.07,524.71,-33.5598,-7.0692,141.26,522.14,0.26141,0
9.6833,3,7,2,1,201.00,469.75,active,176.91,508.56,45.68,1,-174.136,4.476,-177.951,-10.49,35.12,131.69,-11.05,4.75,153.21,61.539,61.863,-34.0972,-3.7785,184.83,513.08,-32.8837,-4.3845,176.91,508.56,0.26975,0
9.7770,3,9,3,0,67.00,619.25,active,115.70,569.46,69.64,1,-175.095,4.678,-178.494,-8.93,36.38,132.32,-11.69,5.85,154.40,61.445,59.869,-34.6704,-10.3585,112.27,597.13,-34.9468,-8.1154,115.70,569.46,0.23724,0
9.8736,3,6,2,0,67.00,469.75,active,92.77,526.71,62.52,1,-174.409,4.233,-178.679,-11.07,35.99,129.94,-9.55,5.10,157.05,60.952,61.355,-33.2824,-10.9294,75.22,490.38,-33.0142,-9.7833,92.77,526.71,0.25442,0
9.9663,3,9,3,0,67.00,619.25,active,75.91,575.32,44.82,1,-175.400,4.284,-178.691,-10.03,35.15,130.26,-10.91,5.45,155.68,60.923,60.280,-34.8781,-12.6028,83.18,595.67,-35.0264,-10.8520,75.91,575.32,0.25210,0
10.0750,3,9,3,0,67.00,619.25,active,78.48,618.15,11.53,1,-176.264,4.004,-178.611,-7.68,34.73,130.82,-9.89,3.56,154.27,60.763,60.875,-35.6565,-10.7627,63.48,625.51,-36.6008,-10.3500,78.48,618.15,0.25437,0
10.1561,3,10,3,1,201.00,619.25,active,148.51,619.75,52.49,1,-174.980,4.280,-178.821,-9.97,35.81,131.74,-9.90,4.06,154.27,61.011,60.945,-36.2004,-12.4548,172.14,589.80,-36.3370,-6.8295,148.51,619.75,0.26037,0
10.2369,3,10,3,1,201.00,619.25,active,182.21,545.48,76.12,1,-173.493,4.788,-177.986,-10.04,35.35,130.94,-10.78,6.38,155.75,61.372,60.086,-32.6213,-2.0166,170.91,577.51,-34.4997,-4.0473,182.21,545.48,0.24546,0
10.3271,3,9,3,0,67.00,619.25,active,101.56,588.05,46.56,1,-173.999,4.889,-177.574,-11.35,35.49,131.36,-9.00,5.39,154.22,61.015,60.979,-34.3040,-9.3772,103.75,587.30,-35.5450,-8.8874,101.56,588.05,0.25287,0
10.4311,3,9,3,0,67.00,619.25,active,80.04,598.06,24.88,1,-174.142,4.859,-178.218,-9.83,36.40,131.76,-12.65,5.76,154.20,61.182,59.640,-36.6566,-4.5428,75.70,604.37,-35.8592,-10.5253,80.04,598.06,0.25009,0
10.5346,3,9,3,0,67.00,619.25,active,69.37,598.78,20.60,1,-175.752,4.018,-178.424,-8.70,36.67,130.73,-10.08,6.61,156.04,61.374,60.706,-35.7665,-8.2917,47.67,556.85,-35.8141,-11.3910,69.37,598.78,0.25805,0
10.6119,3,9,3,0,67.00,619.25,active,68.07,607.87,11.43,1,-174.422,4.356,-178.028,-11.03,34.56,130.51,-9.88,5.73,153.99,60.863,60.342,-32.7766,-12.8283,65.37,586.96,-36.1131,-11.0777,68.07,607.87,0.24368,0
10.7212,3,9,3,0,67.00,619.25,active,75.63,621.48,8.91,1,-176.697,4.423,-178.567,-7.50,35.00,128.34,-12.98,6.47,156.15,61.255,61.268,-34.7237,-11.4217,77.94,630.16,-36.2954,-10.7686,75.63,621.48,0.27133,0
10.8202,3,9,3,0,67.00,619.25,active,73.99,550.96,68.65,1,-175.372,4.718,-178.139,-7.96,36.43,132.31,-9.71,4.31,156.21,60.886,59.478,-34.9247,-13.4125,74.85,557.05,-34.7055,-10.8963,73.99,550.96,0.26087,0
10.9201,3,9,3,0,67.00,619.25,active,59.61,584.31,35.71,1,-175.685,4.201,-178.182,-8.43,34.25,131.89,-8.11,6.16,152.73,60.033,61.073,-35.4754,-11.1258,98.23,595.08,-35.2323,-11.4571,59.61,584.31,0.25462,0
11.0274,3,9,3,0,67.00,619.25,active,50.01,603.82,22.95,1,-175.114,4.643,-178.390,-9.68,35.61,129.90,-10.90,5.50,155.26,61.146,61.111,-36.2027,-6.7007,15.73,622.18,-36.0271,-12.4515,50.01,603.82,0.27364,0
11.1343,3,6,2,0,67.00,469.75,active,131.85,527.63,86.92,1,-175.690,4.284,-178.594,-8.19,35.03,129.93,-11.55,6.06,154.97,61.807,60.732,-31.0383,-2.1948,143.48,571.04,-34.0183,-7.5544,131.85,527.63,0.25049,0
11.2361,3,9,3,0,67.00,619.25,active,93.15,566.63,58.76,1,-175.187,3.910,-178.414,-9.06,35.50,131.76,-9.60,6.99,155.41,60.450,60.058,-36.0781,-8.9315,92.15,569.38,-35.0327,-10.5544,93.15,566.63,0.25934,0
11.3406,3,9,3,0,67.00,619.25,active,84.83,589.21,34.93,1,-173.502,4.545,-178.723,-8.65,36.78,131.47,-10.84,4.17,153.30,61.427,60.274,-32.8560,-13.4829,68.43,591.67,-35.8059,-10.5570,84.83,589.21,0.25980,0
11.4176,3,9,3,0,67.00,619.25,active,77.22,602.47,19.65,1,-174.276,4.540,-178.132,-7.99,37.05,131.20,-8.71,5.17,155.69,61.060,60.712,-33.8130,-8.2419,66.23,605.92,-35.9387,-11.1690,77.22,602.47,0.24918,0
11.5054,3,9,3,0,67.00,619.25,active,71.62,603.79,16.14,1,-174.040,3.843,-178.671,-7.94,34.68,129.60,-12.82,3.91,154.08,60.836,60.972,-35.0481,-13.9120,63.95,604.32,-36.8678,-11.6430,71.62,603.79,0.26948,0
11.5912,3,9,3,0,67.00,619.25,active,67.62,607.41,11.86,1,-175.841,4.910,-178.191,-11.25,35.35,130.47,-12.03,4.85,154.73,61.749,60.535,-34.9473,-12.3969,54.07,602.65,-36.2358,-11.2165,67.62,607.41,0.25057,0
11.7080,3,9,3,0,67.00,619.25,active,70.00,607.37,12.25,1,-174.789,4.418,-178.170,-10.53,36.27,131.65,-10.99,5.98,155.41,60.614,59.899,-38.7154,-12.1274,68.12,582.78,-36.3743,-11.2515,70.00,607.37,0.27129,0
11.7827,3,9,3,0,67.00,619.25,active,71.36,609.48,10.70,1,-174.686,4.659,-177.844,-7.65,34.46,130.24,-9.30,5.87,154.75,61.023,61.570,-37.2090,-8.9499,55.86,630.06,-36.9452,-11.5909,71.36,609.48,0.24442,0
11.8775,3,9,3,0,67.00,619.25,active,60.07,617.48,7.15,1,-174.062,4.894,-178.466,-9.33,35.59,129.33,-7.54,4.28,155.94,60.501,59.246,-37.0790,-12.9882,53.91,611.89,-37.0747,-11.1081,60.07,617.48,0.22174,0
11.9650,3,9,3,0,67.00,619.25,active,57.58,631.50,15.45,1,-173.244,4.115,-177.954,-8.80,37.67,131.41,-7.60,5.12,153.36,60.966,60.709,-36.2611,-11.4732,67.55,661.73,-36.8758,-12.1681,57.58,631.50,0.25803,0
12.0507,3,9,3,0,67.00,619.25,active,55.53,619.37,11.47,1,-173.811,4.261,-178.495,-8.64,35.04,132.23,-9.16,6.45,154.84,60.291,60.243,-37.6152,-11.6155,65.92,620.00,-36.6352,-11.4038,55.53,619.37,0.27599,0
12.1485,3,9,3,0,67.00,619.25,active,64.40,613.07,6.70,1,-175.432,4.520,-178.027,-10.10,35.82,130.65,-10.86,4.59,155.59,60.613,61.012,-36.7834,-11.1921,45.99,629.63,-36.2293,-11.2437,64.40,613.07,0.24374,0
12.2429,3,9,3,0,67.00,619.25,active,62.14,607.06,13.12,1,-175.779,4.840,-177.844,-11.15,35.55,129.92,-6.03,5.57,155.83,61.173,60.574,-35.5566,-10.6852,49.27,596.19,-36.0760,-11.7008,62.14,607.06,0.26052,0
12.3460,4,7,2,1,201.00,469.75,active,196.76,458.61,11.92,1,-174.341,4.285,-178.386,-10.97,35.70,131.23,-7.51,4.68,153.64,61.031,59.875,-29.5991,-5.7786,199.19,427.92,-31.2509,-3.8424,196.76,458.61,0.26368,0
12.4311,4,8,2,2,335.00,469.75,active,286.85,406.94,79.14,1,-176.856,4.566,-178.533,-9.44,34.77,133.62,-8.58,4.01,155.58,60.440,59.762,-29.1412,2.7041,270.83,414.24,-30.1856,2.0951,286.85,406.94,0.27063,0
12.5406,4,8,2,2,335.00,469.75,active,311.76,436.08,40.91,1,-175.870,4.635,-178.387,-10.06,37.34,132.72,-9.56,5.69,156.16,60.890,59.820,-33.2475,7.3156,341.47,460.21,-30.7639,3.9469,311.76,436.08,0.25988,0
12.6494,4,5,1,2,335.00,320.25,active,324.43,374.85,55.61,1,-174.080,5.261,-178.602,-8.02,34.92,130.66,-8.76,5.05,154.84,60.879,60.098,-25.3772,5.0254,303.33,362.24,-29.0707,4.6579,324.43,374.85,0.25707,0
12.7409,4,7,2,1,201.00,469.75,active,246.59,427.76,61.97,1,-175.052,5.072,-177.973,-10.74,34.40,130.89,-10.35,4.06,154.73,61.209,60.358,-29.0225,-0.9283,211.91,424.43,-30.0673,-0.0203,246.59,427.76,0.28002,0
12.8347,4,8,2,2,335.00,469.75,active,289.77,453.68,48.00,1,-175.265,4.506,-178.358,-11.65,34.78,131.30,-10.35,5.94,154.69,59.505,60.746,-30.6290,4.1888,280.40,462.45,-30.9315,2.6887,289.77,453.68,0.25302,0
12.9178,4,5,1,2,335.00,320.25,active,315.72,394.63,76.84,1,-176.730,3.654,-178.314,-10.07,37.24,131.74,-10.59,3.32,156.19,61.112,61.121,-30.2537,5.3639,331.95,390.97,-29.2072,4.1310,315.72,394.63,0.23431,0
12.9979,4,5,1,2,335.00,320.25,active,318.26,282.60,41.20,1,-174.186,3.830,-178.193,-8.53,35.48,129.30,-10.39,7.13,156.83,62.097,60.846,-24.6840,2.0374,321.02,283.25,-25.2088,3.6625,318.26,282.60,0.26346,0
13.0927,4,5,1,2,335.00,320.25,active,317.72,303.88,23.80,1,-177.063,3.814,-177.868,-10.12,34.18,129.89,-9.96,6.81,153.97,60.643,61.608,-27.6262,2.1434,294.35,282.82,-26.3693,3.3951,317.72,303.88,0.26022,0
13.1743,4,5,1,2,335.00,320.25,active,314.64,311.62,22.11,1,-174.655,4.694,-178.590,-11.77,35.47,131.82,-10.50,5.28,155.38,61.051,60.321,-27.7072,6.3525,300.46,321.21,-26.8950,3.9281,314.64,311.62,0.26019,0
13.2681,4,5,1,2,335.00,320.25,active,322.32,307.01,18.33,1,-174.275,4.785,-178.351,-10.59,34.75,127.27,-12.42,4.01,157.16,60.073,60.519,-24.6587,0.7683,321.71,307.78,-26.6241,4.1886,322.32,307.01,0.25365,0
13.3615,4,5,1,2,335.00,320.25,active,317.65,308.83,20.77,1,-175.841,4.362,-178.290,-9.82,36.36,130.94,-11.38,3.90,154.91,61.223,60.215,-28.2779,1.5721,293.83,298.66,-26.4958,4.2585,317.65,308.83,0.24037,0
13.4813,4,5,1,2,335.00,320.25,active,320.41,319.19,14.63,1,-176.518,4.369,-178.285,-10.64,34.55,129.23,-10.39,6.65,154.18,60.543,60.506,-29.4514,4.1767,323.29,318.69,-27.4026,4.5700,320.41,319.19,0.25762,0
13.5753,4,5,1,2,335.00,320.25,active,318.08,387.85,69.69,1,-176.202,4.242,-178.432,-11.14,36.47,131.70,-9.53,6.06,156.02,59.799,61.026,-28.9362,5.4110,302.38,427.96,-28.4522,4.1053,318.08,387.85,0.24060,0
13.6788,4,5,1,2,335.00,320.25,active,323.62,265.43,55.99,1,-174.175,4.148,-177.624,-9.44,35.87,131.28,-8.96,4.57,156.44,61.492,61.097,-25.5605,-1.9386,330.87,248.67,-25.7886,5.2782,323.62,265.43,0.25903,0
13.7790,4,5,1,2,335.00,320.25,active,339.43,294.38,26.25,1,-176.005,4.302,-178.771,-9.57,36.19,130.95,-9.03,5.74,155.33,60.659,59.584,-28.3981,5.3774,324.38,286.13,-26.3245,5.7472,339.43,294.38,0.25068,0
13.8727,4,5,1,2,335.00,320.25,active,338.17,297.57,22.90,1,-177.531,4.819,-178.053,-9.46,35.63,128.72,-9.88,6.00,156.65,62.066,60.881,-23.2867,2.9943,342.31,262.77,-25.5642,5.5327,338.17,297.57,0.23800,0
13.9639,4,1,0,1,201.00,170.75,active,250.01,229.80,76.74,1,-173.922,4.268,-178.761,-9.98,36.23,130.66,-10.18,5.55,154.00,59.974,60.214,-24.0897,1.5611,252.84,213.63,-23.4394,-0.0722,250.01,229.80,0.26295,0
14.0539,4,2,0,2,335.00,170.75,active,292.14,243.02,84.02,1,-175.314,4.632,-177.984,-8.85,37.14,132.07,-11.33,4.45,155.15,61.374,60.448,-25.9160,3.2989,326.76,256.10,-24.1861,2.5760,292.14,243.02,0.24430,0
14.1600,4,5,1,2,335.00,320.25,active,296.65,293.50,46.76,1,-174.857,4.652,-178.318,-9.20,35.12,130.17,-11.29,6.66,154.64,61.075,61.474,-26.5685,2.9172,297.85,278.34,-26.3168,2.8672,296.65,293.50,0.25446,0
14.2677,4,5,1,2,335.00,320.25,active,327.73,279.56,41.34,1,-174.477,4.433,-177.694,-9.59,35.57,132.30,-9.31,4.82,155.51,60.966,61.229,-23.9604,-0.0967,332.35,288.14,-25.2859,5.2106,327.73,279.56,0.25122,0
14.3547,4,5,1,2,335.00,320.25,active,324.85,364.24,45.14,1,-177.112,3.926,-178.782,-8.84,35.79,129.26,-6.85,5.05,156.19,60.110,61.113,-26.3866,6.0002,317.11,362.00,-28.0454,4.9739,324.85,364.24,0.26139,0
14.4558,4,8,2,2,335.00,469.75,active,273.07,418.57,80.34,1,-174.673,4.446,-178.379,-9.90,36.53,131.69,-11.02,7.56,154.11,61.306,59.782,-30.7807,4.0960,259.72,404.47,-29.9194,0.9348,273.07,418.57,0.26425,0
14.5541,4,5,1,2,335.00,320.25,active,313.91,376.99,60.53,1,-175.173,4.398,-178.856,-9.00,33.66,128.78,-11.52,5.24,154.84,61.185,61.271,-28.2175,-0.4092,320.27,316.94,-28.2802,3.9979,313.91,376.99,0.27446,0
14.6447,4,5,1,2,335.00,320.25,active,319.83,347.26,30.98,1,-174.881,3.782,-178.213,-7.69,35.66,130.97,-8.59,4.92,154.97,60.177,59.739,-27.9226,4.4639,319.16,295.94,-27.8860,3.5960,319.83,347.26,0.26983,0
14.7346,4,4,1,1,201.00,320.25,active,255.48,328.75,55.14,1,-173.965,4.270,-178.111,-9.98,36.27,130.92,-9.04,5.35,155.19,60.876,61.227,-27.2074,-1.0240,249.68,339.42,-27.0211,0.1147,255.48,328.75,0.25795,0
14.8464,4,5,1,2,335.00,320.25,active,300.81,382.61,71.11,1,-174.305,4.383,-178.095,-11.22,34.60,127.83,-11.43,4.51,154.60,60.182,60.805,-30.6741,3.7681,308.94,369.10,-29.3716,3.5413,300.81,382.61,0.25737,0
14.9320,4,5,1,2,335.00,320.25,active,321.91,358.03,39.99,1,-172.473,4.447,-177.937,-10.43,36.01,130.14,-9.76,5.94,155.52,61.231,60.861,-30.4765,2.9583,317.80,362.70,-28.2645,4.1765,321.91,358.03,0.26605,0
15.0131,4,5,1,2,335.00,320.25,active,332.54,336.29,16.23,1,-173.397,5.286,-178.314,-8.68,35.19,131.49,-10.05,3.63,157.02,59.602,61.378,-28.0184,3.7848,370.64,338.08,-27.4158,4.8065,332.54,336.29,0.25740,0
15.1033,4,5,1,2,335.00,320.25,active,333.40,341.33,21.14,1,-173.982,4.501,-178.213,-11.33,37.30,131.99,-9.68,6.61,154.94,61.648,60.334,-26.2791,3.9359,353.20,330.37,-27.5684,5.5383,333.40,341.33,0.26898,0
15.2090,4,8,2,2,335.00,469.75,active,337.09,408.03,61.76,1,-174.294,4.249,-178.457,-8.40,36.06,130.75,-11.09,5.27,156.71,61.521,59.983,-30.1358,3.4358,308.61,426.85,-29.7338,5.4478,337.09,408.03,0.24499,0
15.3051,4,5,1,2,335.00,320.25,active,330.26,354.79,34.86,1,-174.295,4.275,-178.087,-8.96,36.38,131.10,-10.59,4.45,155.09,61.394,59.833,-27.9200,7.7394,336.41,381.70,-28.0664,4.6381,330.26,354.79,0.24664,0
15.3977,4,5,1,2,335.00,320.25,active,338.65,340.74,20.81,1,-174.582,4.332,-178.496,-7.87,35.45,131.79,-10.31,5.24,155.33,61.908,59.678,-25.0707,5.4688,352.40,341.30,-27.6943,5.9451,338.65,340.74,0.25941,0
15.5091,4,5,1,2,335.00,320.25,active,336.97,257.05,63.23,1,-174.161,4.694,-178.452,-9.90,35.43,130.18,-11.18,6.37,155.38,61.587,61.189,-25.5907,6.8409,324.10,271.42,-25.1648,5.0906,336.97,257.05,0.25136,0
15.6040,4,4,1,1,201.00,320.25,active,255.51,299.06,58.49,1,-175.904,4.715,-178.099,-12.51,35.09,130.81,-7.85,4.16,155.76,61.760,59.786,-25.8755,-3.7615,250.77,289.18,-25.9423,-0.0561,255.51,299.06,0.24607,0
15.7050,4,5,1,2,335.00,320.25,active,296.34,297.81,44.70,1,-177.134,4.125,-178.450,-9.01,34.47,129.58,-10.63,5.36,152.37,60.883,59.688,-26.2070,3.8230,297.27,315.66,-26.6111,2.8565,296.34,297.81,0.25401,0
15.7886,4,5,1,2,335.00,320.25,active,326.22,308.56,14.62,1,-174.642,4.242,-178.938,-9.65,34.54,130.56,-7.74,5.36,155.22,61.058,60.411,-25.1920,2.8481,344.81,288.90,-26.1708,4.5820,326.22,308.56,0.25785,0
15.8903,4,5,1,2,335.00,320.25,active,329.49,312.89,9.19,1,-174.815,4.322,-178.245,-7.98,35.12,129.44,-13.32,7.66,155.03,61.921,59.672,-25.7230,7.3160,333.27,327.88,-26.5474,4.8691,329.49,312.89,0.27837,0
15.9915,4,5,1,2,335.00,320.25,active,329.16,312.63,9.60,1,-175.036,5.025,-178.049,-9.03,35.34,131.17,-12.03,5.56,152.87,60.479,60.371,-28.1157,5.3671,347.10,311.51,-26.7425,4.0418,329.16,312.63,0.26569,0
16.0860,4,5,1,2,335.00,320.25,active,339.39,321.65,4.61,1,-175.412,4.498,-178.460,-9.01,35.93,130.06,-11.94,5.38,155.77,61.313,60.081,-29.9037,4.2785,319.08,358.07,-27.4867,5.4952,339.39,321.65,0.24608,0
16.1712,4,5,1,2,335.00,320.25,active,333.15,325.44,5.51,1,-175.453,3.882,-178.185,-10.95,36.19,129.72,-11.39,5.26,155.72,61.277,60.330,-26.3127,7.4783,329.38,345.38,-26.9894,5.3967,333.15,325.44,0.26391,0
16.2887,4,5,1,2,335.00,320.25,active,327.11,327.25,10.55,1,-175.289,4.334,-178.670,-10.03,34.56,130.32,-7.99,3.51,153.77,59.830,60.263,-27.3692,4.5743,334.04,331.09,-27.3811,4.4211,327.11,327.25,0.28134,0
16.3937,4,5,1,2,335.00,320.25,active,347.76,332.63,17.78,1,-174.991,4.671,-177.975,-9.00,35.55,131.45,-11.34,6.77,154.55,60.702,59.751,-28.6206,3.0839,319.15,342.24,-26.8874,6.3679,347.76,332.63,0.25480,0
16.4932,4,5,1,2,335.00,320.25,active,328.64,344.89,25.45,1,-175.380,4.632,-178.446,-9.64,34.92,130.08,-10.80,4.98,155.01,61.852,60.501,-28.3893,1.6341,348.89,333.03,-27.0729,4.1645,328.64,344.89,0.26173,0
16.5819,4,5,1,2,335.00,320.25,active,313.42,335.83,26.61,1,-176.010,4.709,-178.187,-7.90,34.11,130.80,-11.67,7.11,155.16,59.956,60.069,-26.3393,4.0774,314.07,325.11,-28.0213,3.3634,313.42,335.83,0.25118,0
16.6821,4,5,1,2,335.00,320.25,active,320.06,332.14,19.10,1,-174.841,4.638,-178.679,-11.91,34.64,129.85,-10.87,6.78,154.91,61.013,60.555,-26.9427,4.2291,353.46,378.55,-27.7001,4.0459,320.06,332.14,0.26262,0
16.7673,5,4,1,1,201.00,320.25,active,174.42,386.37,71.26,1,-175.209,4.793,-178.287,-9.10,35.37,131.60,-9.70,3.96,154.67,61.578,60.454,-28.5409,-7.4676,173.35,393.85,-28.7084,-5.8873,174.42,386.37,0.25379,0
16.8781,5,7,2,1,201.00,469.75,active,185.76,496.97,31.20,1,-172.753,4.556,-178.478,-11.48,35.01,128.67,-10.67,4.57,155.76,59.640,61.358,-34.3144,-6.2227,165.72,479.31,-33.7588,-3.9338,185.76,496.97,0.25720,0
16.9689,5,10,3,1,201.00,619.25,active,190.40,566.49,53.81,1,-174.324,4.316,-178.316,-11.77,35.38,128.27,-9.81,5.70,153.16,61.766,60.771,-37.1818,-4.2134,213.93,598.64,-35.3966,-3.8634,190.40,566.49,0.25270,0
17.0619,5,6,2,0,67.00,469.75,active,125.63,508.77,70.42,1,-173.860,3.890,-178.622,-8.22,36.88,130.40,-13.31,5.20,155.73,60.339,60.139,-34.4979,-9.0416,140.72,527.61,-33.3094,-7.5331,125.63,508.77,0.27368,0
17.1570,5,10,3,1,201.00,619.25,active,161.22,583.57,53.43,1,-175.180,4.579,-178.656,-9.16,36.52,131.54,-11.71,6.24,154.75,61.641,60.135,-34.9309,-7.5099,182.35,567.07,-35.5834,-4.7018,161.22,583.57,0.25577,0
17.2488,5,6,2,0,67.00,469.75,active,98.00,542.26,78.86,1,-174.717,4.387,-177.822,-12.30,36.85,132.58,-10.84,3.93,155.10,60.542,60.816,-35.8787,-14.9501,96.75,541.86,-34.1056,-10.6702,98.00,542.26,0.25405,0
17.3504,5,6,2,0,67.00,469.75,active,84.49,520.60,53.77,1,-175.391,4.540,-177.759,-9.52,34.98,130.63,-6.04,5.72,156.49,60.057,61.597,-33.4487,-13.7411,95.71,528.69,-33.7644,-11.3106,84.49,520.60,0.25652,0
17.4339,5,6,2,0,67.00,469.75,active,71.26,417.55,52.37,1,-175.619,4.589,-178.484,-10.21,37.20,130.85,-7.38,5.27,153.73,60.076,61.308,-32.4888,-14.1113,67.37,414.85,-29.8532,-11.7760,71.26,417.55,0.23190,0
17.4996,5,7,2,1,201.00,469.75,active,140.13,524.73,82.03,1,-174.160,4.451,-178.337,-9.00,35.00,129.43,-10.08,4.68,154.60,60.988,61.294,-36.1489,-7.3465,129.43,517.92,-33.6544,-7.0677,140.13,524.73,0.26193,0
17.5944,5,6,2,0,67.00,469.75,active,108.45,509.17,57.21,1,-173.038,4.155,-178.403,-9.72,35.94,132.55,-9.08,4.29,153.76,59.958,59.534,-35.7419,-7.7866,128.69,498.86,-33.3591,-9.0561,108.45,509.17,0.25323,0
17.6848,5,6,2,0,67.00,469.75,active,69.41,485.33,15.77,1,-175.722,4.935,-178.160,-10.09,36.37,130.43,-11.89,7.62,154.09,61.877,61.010,-30.7291,-13.0962,84.32,482.13,-31.6936,-10.7234,69.41,485.33,0.27265,0
17.7813,5,6,2,0,67.00,469.75,active,62.53,481.44,12.51,1,-174.213,4.007,-177.656,-10.10,35.55,130.92,-9.69,5.58,155.87,60.863,60.610,-32.5184,-12.5976,29.26,537.05,-32.4533,-11.6284,62.53,481.44,0.23496,0
17.8511,5,6,2,0,67.00,469.75,active,60.12,405.55,64.57,1,-175.488,3.963,-177.944,-7.91,35.97,128.82,-11.51,6.52,153.76,60.525,60.632,-30.1128,-12.3451,64.06,397.66,-29.3342,-11.7764,60.12,405.55,0.25562,0
17.9419,5,6,2,0,67.00,469.75,active,65.28,435.96,33.83,1,-175.894,3.921,-177.899,-9.69,33.93,131.31,-12.70,5.79,153.50,61.415,59.759,-27.6842,-9.1424,70.99,421.21,-30.3199,-11.9945,65.28,435.96,0.27296,0
18.0661,5,7,2,1,201.00,469.75,active,146.05,435.97,64.50,1,-175.360,4.972,-178.207,-8.49,35.85,131.39,-10.59,4.53,154.03,59.858,60.635,-29.4330,-6.7171,169.30,439.97,-30.9504,-6.0250,146.05,435.97,0.25851,0
18.1760,5,6,2,0,67.00,469.75,active,111.01,447.59,49.28,1,-174.201,4.513,-178.327,-11.16,36.17,131.92,-9.62,3.49,154.40,59.371,60.925,-29.5648,-14.2875,103.46,422.79,-31.2529,-9.7933,111.01,447.59,0.25180,0
18.2730,5,6,2,0,67.00,469.75,active,82.82,462.57,17.37,1,-174.718,4.599,-178.218,-9.06,34.54,128.56,-8.87,5.61,153.45,61.669,60.754,-35.4425,-13.2210,131.18,469.79,-31.8224,-10.6516,82.82,462.57,0.23428,0
18.3725,5,6,2,0,67.00,469.75,active,71.45,478.09,9.46,1,-175.579,4.793,-177.830,-9.59,35.29,130.02,-9.74,4.72,155.91,60.573,60.810,-31.3645,-17.6505,87.44,470.66,-32.5440,-11.4747,71.45,478.09,0.24900,0
18.4662,5,7,2,1,201.00,469.75,active,146.78,404.26,85.02,1,-174.509,4.121,-178.672,-8.19,35.35,131.82,-6.80,5.08,155.29,60.742,61.570,-28.9336,-9.0210,140.59,419.46,-29.7550,-6.8109,146.78,404.26,0.25733,0
18.5734,5,6,2,0,67.00,469.75,active,107.75,444.70,47.84,1,-174.990,4.436,-178.292,-9.78,35.65,131.43,-10.01,5.05,155.12,60.885,59.945,-32.3897,-6.3647,110.08,417.41,-31.1797,-9.1640,107.75,444.70,0.27107,0
18.6866,5,6,2,0,67.00,469.75,active,92.23,463.24,26.05,1,-174.531,4.295,-178.323,-8.44,36.07,132.06,-11.47,7.01,154.38,59.579,60.207,-32.4604,-14.9670,110.93,457.81,-31.6148,-10.1939,92.23,463.24,0.24199,0
18.7796,5,6,2,0,67.00,469.75,active,75.60,470.38,8.62,1,-173.380,4.131,-178.406,-8.55,36.07,131.08,-9.45,6.76,154.87,61.362,59.402,-30.1024,-12.0907,86.74,479.66,-32.1455,-10.8509,75.60,470.38,0.26028,0
18.8942,5,6,2,0,67.00,469.75,active,60.95,478.24,10.43,1,-173.208,4.111,-178.174,-8.17,35.86,131.37,-9.78,5.19,155.40,61.087,59.800,-31.7677,-10.7856,68.50,494.42,-32.5875,-12.1894,60.95,478.24,0.24666,0
18.9771,5,6,2,0,67.00,469.75,active,61.12,475.95,8.54,1,-173.875,4.074,-178.051,-9.51,35.20,131.49,-8.01,3.69,154.94,61.062,61.490,-32.2043,-11.4587,53.82,464.00,-31.9533,-11.9193,61.12,475.95,0.24333,0
19.0752,5,6,2,0,67.00,469.75,active,67.57,478.34,8.60,1,-174.196,4.430,-178.173,-8.84,36.18,130.79,-10.45,5.20,155.37,60.449,61.097,-34.5689,-11.8731,60.71,491.36,-31.4252,-11.3632,67.57,478.34,0.25119,0
19.1596,5,6,2,0,67.00,469.75,active,70.20,473.85,5.20,1,-175.141,4.293,-178.348,-8.81,33.88,130.08,-9.06,5.62,154.19,61.152,60.255,-33.4050,-10.8723,59.44,478.69,-32.1532,-11.1736,70.20,473.85,0.27357,0
19.2555,5,6,2,0,67.00,469.75,active,64.44,464.46,5.88,1,-176.491,3.970,-178.218,-9.11,34.82,128.01,-9.74,5.23,155.45,61.274,61.485,-32.1364,-10.2563,91.64,483.74,-31.6859,-11.0053,64.44,464.46,0.25655,0
19.3500,5,6,2,0,67.00,469.75,active,62.66,461.71,9.14,1,-174.297,4.248,-178.217,-6.27,34.80,131.20,-10.56,3.44,155.00,61.913,60.921,-30.6347,-13.6072,72.23,474.65,-31.7064,-12.0897,62.66,461.71,0.25830,0
19.4459,5,6,2,0,67.00,469.75,active,72.12,483.85,15.01,1,-175.451,4.504,-177.948,-8.49,35.29,130.54,-11.98,6.59,156.51,61.448,60.983,-34.5604,-12.3397,70.19,480.61,-32.7679,-11.4947,72.12,483.85,0.26247,0
19.5467,5,6,2,0,67.00,469.75,active,69.28,472.18,3.33,1,-175.776,4.324,-177.889,-9.57,35.17,130.65,-12.13,5.04,153.94,60.861,61.213,-30.2944,-10.9588,63.48,504.23,-31.9566,-10.4596,69.28,472.18,0.26150,0
19.6508,5,6,2,0,67.00,469.75,active,75.16,483.25,15.77,1,-175.111,4.271,-178.772,-10.70,36.03,130.98,-8.94,5.33,154.35,61.622,60.900,-32.0530,-11.1788,113.62,478.28,-32.2156,-11.1216,75.16,483.25,0.27437,0
19.7347,5,6,2,0,67.00,469.75,active,50.49,476.93,18.00,1,-173.562,4.901,-178.509,-9.94,35.26,130.63,-11.04,6.79,155.47,61.144,60.240,-30.7291,-12.1707,33.51,471.50,-31.8725,-12.1638,50.49,476.93,0.24952,0
19.8378,6,4,1,1,201.00,320.25,active,213.16,339.97,23.17,1,-176.032,4.077,-178.174,-8.29,35.55,129.73,-10.59,6.23,154.87,61.250,60.200,-27.0715,0.3146,196.89,362.75,-27.0160,-3.1500,213.16,339.97,0.27495,0
19.9314,6,5,1,2,335.00,320.25,active,278.95,245.64,93.32,1,-174.493,4.537,-177.863,-8.92,35.32,128.93,-9.24,5.15,155.75,61.917,61.331,-23.6212,0.7313,273.70,233.86,-24.2657,1.6668,278.95,245.64,0.25715,0
20.0246,6,2,0,2,335.00,170.75,active,307.33,220.59,57.01,1,-175.372,3.542,-178.533,-8.75,34.97,131.45,-11.37,6.37,156.02,61.672,59.665,-23.5215,7.9488,298.97,231.96,-23.8955,3.0509,307.33,220.59,0.24180,0
20.1207,6,2,0,2,335.00,170.75,active,326.82,198.52,28.95,1,-173.776,5.053,-178.471,-10.82,35.38,128.70,-13.21,5.75,154.28,59.823,60.252,-21.9638,2.5167,325.83,188.07,-22.9242,4.8643,326.82,198.52,0.24763,0
20.2168,6,5,1,2,335.00,320.25,active,323.14,248.11,73.11,1,-174.436,4.652,-178.260,-9.97,34.98,129.63,-12.70,4.71,155.22,61.540,60.035,-22.7553,5.6580,330.54,242.74,-24.0137,3.9854,323.14,248.11,0.25341,0
20.2801,6,5,1,2,335.00,320.25,active,329.08,294.07,26.84,1,-174.843,4.405,-178.130,-8.72,35.71,129.15,-12.16,6.50,155.10,61.371,61.149,-25.4732,4.7983,316.73,311.24,-25.6326,5.5177,329.08,294.07,0.24742,0
20.3717,6,2,0,2,335.00,170.75,active,335.56,230.19,59.45,1,-174.713,4.225,-178.387,-6.26,35.45,131.23,-10.34,6.19,155.06,61.134,60.154,-24.5276,2.1079,348.25,256.51,-24.1532,5.7019,335.56,230.19,0.24719,0
20.4645,6,2,0,2,335.00,170.75,active,333.29,186.45,15.79,1,-173.318,4.903,-178.012,-11.96,35.59,130.52,-9.87,5.30,156.17,61.471,59.980,-21.4394,7.2052,354.90,216.30,-22.4740,5.3320,333.29,186.45,0.25851,0
20.5318,6,5,1,2,335.00,320.25,active,334.62,255.13,65.12,1,-173.400,4.065,-178.153,-8.64,35.49,129.27,-7.94,6.63,155.54,61.775,60.141,-26.0741,8.2497,329.85,201.08,-24.5935,4.8139,334.62,255.13,0.26060,0
20.6332,6,2,0,2,335.00,170.75,active,348.29,218.03,49.11,1,-174.630,4.298,-178.413,-7.73,34.65,130.06,-11.86,3.35,153.56,59.975,60.970,-25.3090,5.7512,345.29,172.53,-23.0936,6.0558,348.29,218.03,0.25769,0
20.7275,6,1,0,1,201.00,170.75,active,264.16,193.70,67.20,1,-175.277,4.262,-178.170,-9.44,34.41,130.78,-11.73,3.98,154.24,60.178,61.177,-21.5279,3.2598,246.68,193.06,-22.6341,0.6888,264.16,193.70,0.26713,0
20.8047,6,4,1,1,201.00,320.25,active,219.80,258.76,64.30,1,-174.658,4.483,-178.701,-6.54,34.80,131.34,-10.79,4.97,154.34,60.876,60.629,-26.5612,-4.6936,203.90,251.42,-24.5913,-1.8679,219.80,258.76,0.24875,0
20.9061,6,1,0,1,201.00,170.75,active,205.48,210.72,40.22,1,-175.305,4.556,-178.169,-8.84,35.73,129.15,-8.81,6.56,155.00,59.828,61.114,-20.4599,-2.8944,218.40,237.06,-23.4931,-3.2290,205.48,210.72,0.25398,0
20.9826,6,5,1,2,335.00,320.25,active,282.82,254.70,83.79,1,-174.033,4.670,-178.395,-10.37,34.81,130.74,-10.44,4.44,153.81,60.323,60.556,-28.5272,4.9148,283.14,247.68,-25.4022,1.8810,282.82,254.70,0.24905,0
21.0701,6,2,0,2,335.00,170.75,active,299.92,210.24,52.82,1,-174.274,3.878,-178.627,-8.50,34.96,130.65,-10.88,5.66,155.12,60.467,59.701,-22.6615,4.6367,297.87,261.06,-23.2421,2.1133,299.92,210.24,0.26852,0
21.1747,6,5,1,2,335.00,320.25,active,318.45,262.24,60.32,1,-173.954,3.967,-178.504,-9.45,34.08,129.89,-10.29,4.50,154.71,61.500,60.183,-24.5287,3.4436,315.89,249.56,-24.8175,4.0011,318.45,262.24,0.25135,0
21.2594,6,2,0,2,335.00,170.75,active,325.85,218.34,48.46,1,-175.488,4.924,-178.290,-10.71,36.40,130.42,-10.79,5.65,154.93,60.845,60.433,-26.6154,3.6422,333.58,197.72,-23.6797,4.9706,325.85,218.34,0.26905,0
21.3636,6,1,0,1,201.00,170.75,active,247.08,198.72,53.90,1,-174.970,4.698,-178.756,-10.85,35.88,130.95,-9.98,4.06,154.83,61.701,60.119,-22.5234,-1.7990,221.27,174.89,-22.4910,-0.6230,247.08,198.72,0.28201,0
21.4534,6,4,1,1,201.00,320.25,active,227.53,269.31,57.43,1,-173.552,3.824,-178.623,-9.11,35.30,130.78,-9.88,6.09,155.21,60.672,60.255,-23.6328,0.3424,233.62,230.03,-25.5168,-1.3039,227.53,269.31,0.25048,0
21.5411,6,5,1,2,335.00,320.25,active,278.49,301.13,59.65,1,-174.100,4.488,-178.048,-9.62,36.13,130.67,-9.43,4.37,154.98,61.957,60.532,-25.4800,0.6194,295.23,292.06,-26.3471,1.7140,278.49,301.13,0.25747,0
21.6319,6,5,1,2,335.00,320.25,active,309.78,315.69,25.63,1,-174.910,3.990,-178.210,-10.27,36.24,130.46,-10.10,4.93,153.80,60.187,60.870,-28.8808,5.4279,310.22,329.49,-26.7964,3.7191,309.78,315.69,0.26477,0
21.7327,6,2,0,2,335.00,170.75,active,327.30,224.19,53.99,1,-174.736,4.344,-178.142,-9.63,37.78,129.33,-10.73,4.58,154.11,61.076,60.578,-23.7448,8.5126,356.68,244.89,-24.3304,3.9755,327.30,224.19,0.25704,0
21.8103,6,2,0,2,335.00,170.75,active,330.59,201.81,31.37,1,-174.742,4.586,-177.958,-5.23,37.17,127.56,-8.50,5.62,154.42,60.457,60.312,-23.5401,0.9620,353.22,214.74,-22.9291,4.2833,330.59,201.81,0.25544,0
21.9001,6,2,0,2,335.00,170.75,active,336.43,180.59,9.94,1,-175.486,3.878,-178.241,-10.94,36.02,129.45,-8.58,6.54,154.54,61.605,60.393,-24.6795,3.1466,328.19,209.99,-22.0754,5.3172,336.43,180.59,0.25260,0
21.9971,6,2,0,2,335.00,170.75,active,325.62,187.72,19.39,1,-174.717,4.241,-178.604,-9.28,36.03,129.29,-12.80,5.14,156.31,61.014,60.202,-18.9796,7.5065,331.28,198.26,-22.1957,4.8399,325.62,187.72,0.25116,0
22.0889,6,2,0,2,335.00,170.75,active,338.00,175.55,5.66,1,-174.619,4.520,-178.272,-8.54,33.63,130.09,-11.39,5.94,155.05,61.056,60.162,-21.2608,1.4435,329.57,168.90,-22.4958,5.0481,338.00,175.55,0.27255,0
22.1638,6,2,0,2,335.00,170.75,active,343.18,177.96,10.91,1,-174.513,4.305,-178.188,-9.25,35.56,129.06,-7.97,6.88,155.06,62.414,59.889,-21.3175,2.9575,369.05,185.59,-22.3162,5.7956,343.18,177.96,0.24833,0
22.2671,6,2,0,2,335.00,170.75,active,339.34,177.94,8.40,1,-175.862,4.100,-177.844,-12.55,35.74,132.84,-10.58,4.90,155.35,61.469,60.375,-23.1366,8.1191,338.78,187.97,-22.5117,5.2163,339.34,177.94,0.23557,0
22.3701,6,2,0,2,335.00,170.75,active,328.59,170.32,6.42,1,-172.853,4.384,-178.465,-8.13,36.97,131.44,-9.35,5.41,153.70,60.882,60.544,-22.4451,0.7023,328.31,155.37,-22.3585,3.8567,328.59,170.32,0.25902,0
22.4518,6,2,0,2,335.00,170.75,active,329.70,165.67,7.34,1,-174.685,4.740,-178.214,-8.16,35.16,129.37,-9.54,3.54,154.15,60.215,59.475,-22.7196,8.6615,320.95,185.34,-22.5519,5.4914,329.70,165.67,0.26186,0
22.5567,6,2,0,2,335.00,170.75,active,342.00,157.10,15.34,1,-173.470,3.936,-178.413,-11.10,34.46,131.19,-9.32,4.69,155.35,61.915,60.997,-21.6850,0.7727,333.76,123.09,-21.4822,5.6819,342.00,157.10,0.28386,0
22.6547,6,2,0,2,335.00,170.75,active,324.49,167.63,10.96,1,-175.115,4.881,-178.607,-9.80,35.05,129.65,-9.41,3.85,154.99,61.982,61.210,-23.5127,0.8196,307.87,179.77,-22.2431,3.9157,324.49,167.63,0.25917,0
22.7293,7,1,0,1,201.00,170.75,active,259.02,180.49,58.83,1,-175.958,4.682,-177.698,-10.44,35.89,132.28,-9.65,4.56,155.28,61.582,61.130,-21.9047,0.4582,255.69,189.72,-22.2209,-0.1144,259.02,180.49,0.26319,0
22.8244,7,4,1,1,201.00,320.25,active,147.67,251.53,86.98,1,-174.326,4.980,-179.095,-11.37,36.80,130.77,-9.04,4.87,153.47,60.996,60.266,-23.8962,-5.9106,162.33,240.07,-24.4943,-6.9959,147.67,251.53,0.25699,0
22.9148,7,0,0,0,67.00,170.75,active,99.64,219.69,58.82,1,-174.196,4.231,-178.439,-8.41,36.35,131.88,-11.48,6.27,154.71,61.936,60.529,-27.3323,-8.5618,96.67,219.88,-23.9936,-9.8132,99.64,219.69,0.25036,0
23.0131,7,0,0,0,67.00,170.75,active,79.24,207.34,38.59,1,-175.118,5.293,-178.289,-8.13,35.50,131.80,-9.63,5.50,154.95,60.987,61.536,-19.5712,-15.8417,72.84,184.31,-22.8757,-11.0332,79.24,207.34,0.25099,0
23.1000,7,0,0,0,67.00,170.75,active,69.89,208.69,38.05,1,-175.510,4.382,-178.100,-8.09,35.76,131.26,-8.85,5.67,155.05,59.861,60.501,-25.0321,-10.5660,90.38,216.85,-23.0530,-10.6940,69.89,208.69,0.25149,0
23.1831,7,1,0,1,201.00,170.75,active,147.28,173.75,53.81,1,-174.509,4.368,-178.361,-10.32,34.49,130.38,-9.00,6.53,154.01,62.013,60.491,-23.4922,-8.8477,145.31,143.09,-22.0676,-5.7366,147.28,173.75,0.22091,0
23.2801,7,0,0,0,67.00,170.75,active,99.35,226.24,64.23,1,-174.752,4.045,-178.070,-7.70,34.89,132.19,-10.65,4.95,154.96,59.825,61.354,-23.4659,-8.6917,104.56,228.98,-23.5376,-9.7089,99.35,226.24,0.26580,0
23.3796,7,0,0,0,67.00,170.75,active,83.57,208.42,41.16,1,-174.524,4.350,-177.675,-10.61,35.61,131.07,-10.83,6.36,155.27,61.868,62.043,-23.6661,-10.7513,112.80,203.57,-23.1546,-10.5762,83.57,208.42,0.25149,0
23.4617,7,0,0,0,67.00,170.75,active,81.16,188.01,22.33,1,-173.675,4.270,-178.213,-10.68,34.36,131.19,-10.56,3.80,156.69,62.029,60.531,-21.7919,-12.9109,88.07,171.31,-22.2336,-10.9762,81.16,188.01,0.26056,0
23.5650,7,4,1,1,201.00,320.25,active,136.11,252.18,94.05,1,-176.634,3.937,-177.932,-10.58,37.18,129.99,-10.97,5.57,156.15,61.461,60.751,-24.3289,-9.3237,126.99,235.44,-24.4612,-6.9228,136.11,252.18,0.27032,0
23.6491,7,0,0,0,67.00,170.75,active,97.47,206.05,46.63,1,-175.244,4.424,-178.283,-8.40,35.64,130.32,-7.09,4.63,157.02,61.712,60.720,-23.7349,-7.5757,99.32,231.18,-23.2105,-9.7132,97.47,206.05,0.26832,0
23.7376,7,0,0,0,67.00,170.75,active,77.24,201.77,32.67,1,-176.295,4.724,-177.840,-9.06,36.90,130.84,-9.95,5.95,154.92,60.615,60.326,-22.5847,-9.1248,78.09,202.09,-22.5293,-10.8659,77.24,201.77,0.25999,0
23.8497,7,0,0,0,67.00,170.75,active,133.63,182.14,67.60,1,-175.471,3.953,-177.900,-11.12,35.57,130.12,-9.18,6.60,154.47,60.836,59.780,-21.8896,-6.2771,136.61,211.49,-22.4766,-6.4905,133.63,182.14,0.26499,0
23.9569,7,1,0,1,201.00,170.75,active,175.50,184.84,29.13,1,-175.275,4.262,-177.988,-11.47,35.08,128.26,-10.81,3.05,156.68,61.000,60.028,-23.9844,-4.6901,183.93,194.03,-22.9247,-5.0600,175.50,184.84,0.25509,0
24.0343,7,0,0,0,67.00,170.75,active,118.44,181.14,52.48,1,-175.891,4.351,-178.151,-7.47,35.69,129.61,-10.10,4.32,153.63,61.820,60.406,-23.6597,-9.0600,119.89,198.29,-22.5096,-8.7527,118.44,181.14,0.24886,0
24.1121,7,3,1,0,67.00,320.25,active,94.66,264.79,61.97,1,-173.482,4.791,-177.861,-11.58,36.07,130.37,-9.11,4.69,157.90,60.587,60.943,-23.0341,-10.5693,104.54,248.12,-24.7153,-10.1589,94.66,264.79,0.26537,0
24.2185,7,1,0,1,201.00,170.75,active,160.28,234.07,75.28,1,-175.809,4.286,-177.737,-10.30,36.68,132.03,-11.33,5.85,154.42,61.284,60.786,-24.2278,-8.8740,141.51,255.76,-23.9001,-5.5674,160.28,234.07,0.25247,0
24.3182,7,1,0,1,201.00,170.75,active,178.72,187.64,27.96,1,-174.330,5.430,-178.455,-9.75,35.26,131.30,-11.27,3.89,153.97,60.848,60.569,-24.5537,-9.7148,181.22,157.85,-22.6548,-4.6876,178.72,187.64,0.26552,0
24.4395,7,0,0,0,67.00,170.75,active,120.65,166.73,53.80,1,-173.995,5.024,-178.422,-10.63,35.64,130.91,-8.50,5.54,156.89,60.274,60.244,-25.0383,-9.9307,125.95,192.31,-22.4255,-8.3827,120.65,166.73,0.24002,0
24.5307,7,0,0,0,67.00,170.75,active,96.84,177.22,30.53,1,-176.735,4.192,-178.644,-9.24,35.41,128.50,-9.93,4.23,153.52,61.053,60.798,-24.9142,-8.7240,81.75,187.89,-22.5275,-9.7141,96.84,177.22,0.28178,0
24.6454,7,0,0,0,67.00,170.75,active,85.11,174.74,18.55,1,-174.215,4.718,-178.484,-10.82,35.10,130.26,-8.62,5.06,154.41,61.158,59.683,-19.2821,-9.4168,82.23,185.20,-22.1062,-9.9331,85.11,174.74,0.24357,0
24.7424,7,0,0,0,67.00,170.75,active,74.53,168.83,7.77,1,-175.147,4.408,-177.794,-11.51,36.43,129.42,-10.60,4.92,155.55,61.116,60.764,-22.1944,-7.6899,89.56,135.43,-22.2750,-10.8794,74.53,168.83,0.25758,0
24.8268,7,0,0,0,67.00,170.75,active,69.19,143.10,27.74,1,-174.947,5.090,-178.320,-12.21,34.76,132.12,-10.50,5.19,154.20,62.199,60.226,-19.4109,-12.8406,70.23,124.00,-21.3012,-11.5885,69.19,143.10,0.26025,0
24.9111,7,0,0,0,67.00,170.75,active,57.93,143.67,28.56,1,-175.237,4.563,-178.555,-10.25,35.90,130.48,-12.22,5.76,154.58,60.664,60.762,-21.5287,-16.0562,51.19,156.87,-21.2374,-12.1081,57.93,143.67,0.25879,0
25.0087,7,0,0,0,67.00,170.75,active,65.94,153.01,17.77,1,-176.068,4.771,-177.288,-11.36,35.03,130.32,-10.86,5.91,153.33,61.104,61.667,-22.9574,-12.9588,51.69,146.60,-21.1529,-11.2495,65.94,153.01,0.24096,0
25.0869,7,0,0,0,67.00,170.75,active,60.72,166.83,7.40,1,-173.987,4.561,-178.550,-10.56,35.51,132.28,-13.22,6.33,153.71,60.978,61.268,-21.5354,-12.4586,63.34,175.40,-22.2154,-11.1717,60.72,166.83,0.26486,0
25.1928,7,0,0,0,67.00,170.75,active,47.78,184.91,23.87,1,-174.443,4.203,-178.025,-8.47,36.66,130.27,-6.99,5.25,152.98,60.985,61.720,-21.8828,-13.3018,39.10,165.66,-22.4040,-13.2182,47.78,184.91,0.25250,0
25.3006,7,0,0,0,67.00,170.75,active,57.00,180.68,14.09,1,-175.471,4.760,-177.857,-9.77,35.10,130.78,-10.27,4.97,155.44,60.819,61.223,-22.8717,-12.1397,57.48,170.48,-22.4608,-12.6676,57.00,180.68,0.27285,0
25.4087,7,0,0,0,67.00,170.75,active,52.92,161.10,17.07,1,-174.077,4.394,-178.425,-8.94,35.83,130.63,-11.08,6.84,156.33,60.773,60.284,-18.0325,-15.3507,69.50,147.56,-21.1869,-13.2990,52.92,161.10,0.25522,0
25.5045,7,0,0,0,67.00,170.75,active,75.47,158.42,14.96,1,-175.904,4.100,-178.118,-8.35,37.85,130.00,-10.16,4.87,155.06,61.005,60.539,-21.1261,-13.2309,95.85,196.28,-21.7856,-10.8624,75.47,158.42,0.23719,0
25.5974,7,0,0,0,67.00,170.75,active,71.99,143.88,27.32,1,-175.537,5.340,-178.397,-8.64,35.96,129.95,-11.10,5.05,153.19,61.753,60.653,-20.1395,-8.0415,69.61,140.49,-21.4041,-11.1529,71.99,143.88,0.23873,0
